Ticker,Type,Entry Date,Exit Date,Exit Reason,Entry Price,Exit Price,Qty,Gross P/L,Brokerage,Net P/L,Return %,Cumulative P/L,Equity
^NSEI,SHORT,2024-02-23 04:45,2024-02-27 04:45,T3 Cross Up,22236.7,22145.1,22,2015.19,1464.6,550.59,0.11,550.59,2000550.59
^NSEI,LONG,2024-02-27 04:45,2024-02-28 04:45,T3 Cross Down,22145.1,22062.05,22,-1827.07,1458.84,-3285.91,-0.67,-2735.3199999999997,1997264.68
^NSEI,SHORT,2024-02-28 04:45,2024-02-29 06:45,T3 Cross Up,22062.05,21969.95,22,2026.23,1453.06,573.18,0.12,-2162.14,1997837.86
^NSEI,LONG,2024-02-29 06:45,2024-03-04 09:45,T3 Cross Down,21969.95,22397.65,22,9409.43,1464.13,7945.29,1.64,5783.15,2005783.15
^NSEI,SHORT,2024-03-04 09:45,2024-03-06 07:45,T3 Cross Up,22397.65,22403.45,22,-127.57,1478.44,-1606.01,-0.33,4177.139999999999,2004177.14
^NSEI,LONG,2024-03-06 07:45,2024-03-11 03:45,T3 Cross Down,22403.45,22431.7,22,621.5,1479.56,-858.06,-0.17,3319.0799999999995,2003319.08
^NSEI,SHORT,2024-03-11 03:45,2024-03-12 03:45,T3 Cross Up,22431.7,22437.75,22,-133.12,1480.69,-1613.81,-0.33,1705.2699999999995,2001705.27
^NSEI,LONG,2024-03-12 03:45,2024-03-12 04:45,T3 Cross Down,22437.75,22361.05,22,-1687.38,1478.36,-3165.74,-0.64,-1460.4700000000003,1998539.53
^NSEI,SHORT,2024-03-12 04:45,2024-03-14 04:45,T3 Cross Up,22361.05,22083.5,22,6106.12,1466.67,4639.45,0.94,3178.9799999999996,2003178.98
^NSEI,LONG,2024-03-14 04:45,2024-03-15 03:45,T3 Cross Down,22083.5,22013.1,22,-1548.81,1455.19,-3004.0,-0.62,174.97999999999956,2000174.98
^NSEI,SHORT,2024-03-15 03:45,2024-03-18 05:45,T3 Cross Up,22013.1,22034.1,22,-462.0,1453.56,-1915.56,-0.4,-1740.5800000000004,1998259.42
^NSEI,LONG,2024-03-18 05:45,2024-03-19 03:45,T3 Cross Down,22034.1,21890.75,22,-3153.69,1449.52,-4603.21,-0.95,-6343.790000000001,1993656.21
^NSEI,SHORT,2024-03-19 03:45,2024-03-20 05:45,T3 Cross Up,21890.75,21834.45,22,1238.62,1442.93,-204.31,-0.04,-6548.100000000001,1993451.9
^NSEI,LONG,2024-03-20 05:45,2024-03-26 03:45,T3 Cross Down,21834.45,22023.9,22,4167.93,1447.33,2720.6,0.57,-3827.5000000000014,1996172.5
^NSEI,SHORT,2024-03-26 03:45,2024-03-27 03:45,T3 Cross Up,22023.9,22146.45,22,-2696.07,1457.62,-4153.7,-0.86,-7981.200000000001,1992018.8
^NSEI,LONG,2024-03-27 03:45,2024-03-27 08:45,T3 Cross Down,22146.45,22116.15,22,-666.57,1460.67,-2127.24,-0.44,-10108.44,1989891.56
^NSEI,SHORT,2024-03-27 08:45,2024-03-27 09:45,T3 Cross Up,22116.15,22147.2,22,-683.07,1460.69,-2143.76,-0.44,-12252.2,1987747.8
^NSEI,LONG,2024-03-27 09:45,2024-03-28 08:45,T3 Cross Down,22147.2,22268.9,22,2677.43,1465.73,1211.69,0.25,-11040.51,1988959.49
^NSEI,SHORT,2024-03-28 08:45,2024-03-28 09:45,T3 Cross Up,22268.9,22343.1,22,-1632.38,1472.2,-3104.58,-0.63,-14145.09,1985854.91
^NSEI,LONG,2024-03-28 09:45,2024-04-01 09:45,T3 Cross Down,22343.1,22469.05,22,2770.93,1478.8,1292.12,0.26,-12852.970000000001,1987147.03
^NSEI,SHORT,2024-04-01 09:45,2024-04-02 09:45,T3 Cross Up,22469.05,22464.3,22,104.5,1482.8,-1378.3,-0.28,-14231.27,1985768.73
^NSEI,LONG,2024-04-02 09:45,2024-04-03 03:45,T3 Cross Down,22464.3,22448.6,22,-345.43,1482.13,-1827.55,-0.37,-16058.82,1983941.18
^NSEI,SHORT,2024-04-03 03:45,2024-04-03 05:45,T3 Cross Up,22448.6,22479.0,22,-668.81,1482.61,-2151.42,-0.44,-18210.239999999998,1981789.76
^NSEI,LONG,2024-04-03 05:45,2024-04-03 08:45,T3 Cross Down,22479.0,22430.7,22,-1062.62,1482.02,-2544.64,-0.51,-20754.879999999997,1979245.12
^NSEI,SHORT,2024-04-03 08:45,2024-04-04 06:45,T3 Cross Up,22430.7,22481.05,22,-1107.73,1482.09,-2589.82,-0.52,-23344.699999999997,1976655.3
^NSEI,LONG,2024-04-04 06:45,2024-04-05 06:45,T3 Cross Down,22481.05,22484.85,22,83.57,1483.87,-1400.3,-0.28,-24744.999999999996,1975255.0
^NSEI,SHORT,2024-04-05 06:45,2024-04-05 07:45,T3 Cross Up,22484.85,22504.05,22,-422.43,1484.63,-1907.06,-0.39,-26652.059999999998,1973347.94
^NSEI,LONG,2024-04-05 07:45,2024-04-09 06:45,T3 Cross Down,22504.05,22683.55,22,3949.0,1491.19,2457.81,0.5,-24194.249999999996,1975805.75
^NSEI,SHORT,2024-04-09 06:45,2024-04-10 03:45,T3 Cross Up,22683.55,22707.3,22,-522.5,1497.9,-2020.4,-0.4,-26214.649999999998,1973785.35
^NSEI,LONG,2024-04-10 03:45,2024-04-12 03:45,T3 Cross Down,22707.3,22641.7,22,-1443.23,1496.52,-2939.75,-0.59,-29154.399999999998,1970845.6
^NSEI,SHORT,2024-04-12 03:45,2024-04-16 09:45,T3 Cross Up,22641.7,22177.45,22,10213.5,1479.03,8734.47,1.75,-20419.93,1979580.07
^NSEI,LONG,2024-04-16 09:45,2024-04-18 07:45,T3 Cross Down,22177.45,22137.85,22,-871.19,1462.4,-2333.6,-0.48,-22753.53,1977246.47
^NSEI,SHORT,2024-04-18 07:45,2024-04-19 06:45,T3 Cross Up,22137.85,22044.75,22,2048.19,1458.03,590.17,0.12,-22163.36,1977836.64
^NSEI,LONG,2024-04-19 06:45,2024-04-23 08:45,T3 Cross Down,22044.75,22377.5,22,7320.5,1465.93,5854.57,1.21,-16308.79,1983691.21
^NSEI,SHORT,2024-04-23 08:45,2024-04-24 03:45,T3 Cross Up,22377.5,22435.1,22,-1267.19,1478.82,-2746.01,-0.56,-19054.800000000003,1980945.2
^NSEI,LONG,2024-04-24 03:45,2024-04-24 08:45,T3 Cross Down,22435.1,22401.75,22,-733.69,1479.62,-2213.31,-0.45,-21268.110000000004,1978731.89
^NSEI,SHORT,2024-04-24 08:45,2024-04-25 03:45,T3 Cross Up,22401.75,22457.15,22,-1218.81,1480.34,-2699.15,-0.55,-23967.260000000006,1976032.74
^NSEI,LONG,2024-04-25 03:45,2024-04-25 04:45,T3 Cross Down,22457.15,22433.15,22,-528.0,1481.38,-2009.38,-0.41,-25976.640000000007,1974023.36
^NSEI,SHORT,2024-04-25 04:45,2024-04-25 06:45,T3 Cross Up,22433.15,22452.15,22,-418.0,1481.21,-1899.21,-0.38,-27875.850000000006,1972124.15
^NSEI,LONG,2024-04-25 06:45,2024-04-26 06:45,T3 Cross Down,22452.15,22509.95,22,1271.57,1483.75,-212.18,-0.04,-28088.030000000006,1971911.97
^NSEI,SHORT,2024-04-26 06:45,2024-04-29 04:45,T3 Cross Up,22509.95,22536.85,22,-591.81,1486.54,-2078.35,-0.42,-30166.380000000005,1969833.62
^NSEI,LONG,2024-04-29 04:45,2024-04-30 08:45,T3 Cross Down,22536.85,22603.55,22,1467.43,1489.63,-22.21,-0.0,-30188.590000000004,1969811.41
^NSEI,SHORT,2024-04-30 08:45,2024-05-06 05:45,T3 Cross Up,22603.55,22520.95,22,1817.23,1489.11,328.13,0.07,-29860.460000000003,1970139.54
^NSEI,LONG,2024-05-06 05:45,2024-05-06 06:45,T3 Cross Down,22520.95,22439.4,22,-1794.07,1483.69,-3277.77,-0.66,-33138.23,1966861.77
^NSEI,SHORT,2024-05-06 06:45,2024-05-06 09:45,T3 Cross Up,22439.4,22458.0,22,-409.19,1481.61,-1890.81,-0.38,-35029.04,1964970.96
^NSEI,LONG,2024-05-06 09:45,2024-05-07 03:45,T3 Cross Down,22458.0,22398.6,22,-1306.81,1480.27,-2787.08,-0.56,-37816.12,1962183.88
^NSEI,SHORT,2024-05-07 03:45,2024-05-08 05:45,T3 Cross Up,22398.6,22331.75,22,1470.69,1476.1,-5.41,-0.0,-37821.530000000006,1962178.47
^NSEI,LONG,2024-05-08 05:45,2024-05-09 03:45,T3 Cross Down,22331.75,22194.4,22,-3021.69,1469.36,-4491.05,-0.91,-42312.58000000001,1957687.42
^NSEI,SHORT,2024-05-09 03:45,2024-05-10 03:45,T3 Cross Up,22194.4,22110.1,22,1854.62,1462.05,392.57,0.08,-41920.01000000001,1958079.99
^NSEI,LONG,2024-05-10 03:45,2024-05-10 04:45,T3 Cross Down,22110.1,22056.3,22,-1183.57,1457.49,-2641.07,-0.54,-44561.08000000001,1955438.92
^NSEI,SHORT,2024-05-10 04:45,2024-05-10 07:45,T3 Cross Up,22056.3,22027.05,22,643.5,1454.75,-811.25,-0.17,-45372.33000000001,1954627.67
^NSEI,LONG,2024-05-10 07:45,2024-05-13 03:45,T3 Cross Down,22027.05,21886.1,22,-3100.93,1449.13,-4550.06,-0.94,-49922.39000000001,1950077.61
^NSEI,SHORT,2024-05-13 03:45,2024-05-13 05:45,T3 Cross Up,21886.1,21985.4,22,-2184.62,1447.76,-3632.38,-0.75,-53554.770000000004,1946445.23
^NSEI,LONG,2024-05-13 05:45,2024-05-15 05:45,T3 Cross Down,21985.4,22204.05,22,4810.31,1458.25,3352.06,0.69,-50202.71000000001,1949797.29
^NSEI,SHORT,2024-05-15 05:45,2024-05-16 03:45,T3 Cross Up,22204.05,22244.45,22,-888.77,1466.8,-2355.57,-0.48,-52558.280000000006,1947441.72
^NSEI,LONG,2024-05-16 03:45,2024-05-16 04:45,T3 Cross Down,22244.45,22147.1,22,-2141.69,1464.92,-3606.61,-0.74,-56164.89000000001,1943835.11
^NSEI,SHORT,2024-05-16 04:45,2024-05-16 05:45,T3 Cross Up,22147.1,22289.5,22,-3132.81,1466.41,-4599.22,-0.94,-60764.11000000001,1939235.89
^NSEI,LONG,2024-05-16 05:45,2024-05-16 06:45,T3 Cross Down,22289.5,22128.15,22,-3549.69,1465.78,-5015.47,-1.02,-65779.58,1934220.42
^NSEI,SHORT,2024-05-16 06:45,2024-05-16 08:45,T3 Cross Up,22128.15,22403.25,22,-6052.19,1469.54,-7521.73,-1.55,-73301.31,1926698.69
^NSEI,LONG,2024-05-16 08:45,2024-05-21 08:45,T3 Cross Down,22403.25,22525.35,22,2686.19,1482.64,1203.55,0.24,-72097.76,1927902.24
^NSEI,SHORT,2024-05-21 08:45,2024-05-22 03:45,T3 Cross Up,22525.35,22558.4,22,-727.12,1487.76,-2214.88,-0.45,-74312.64,1925687.36
^NSEI,LONG,2024-05-22 03:45,2024-05-22 04:45,T3 Cross Down,22558.4,22546.3,22,-266.19,1488.46,-1754.65,-0.35,-76067.29,1923932.71
^NSEI,SHORT,2024-05-22 04:45,2024-05-22 05:45,T3 Cross Up,22546.3,22564.25,22,-394.88,1488.65,-1883.53,-0.38,-77950.81999999999,1922049.18
^NSEI,LONG,2024-05-22 05:45,2024-05-22 06:45,T3 Cross Down,22564.25,22565.1,22,18.69,1489.27,-1470.58,-0.3,-79421.4,1920578.6
^NSEI,SHORT,2024-05-22 06:45,2024-05-22 07:45,T3 Cross Up,22565.1,22576.8,22,-257.43,1489.68,-1747.11,-0.35,-81168.51,1918831.49
^NSEI,LONG,2024-05-22 07:45,2024-05-24 08:45,T3 Cross Down,22576.8,22958.35,22,8394.07,1502.66,6891.41,1.39,-74277.09999999999,1925722.9
^NSEI,SHORT,2024-05-24 08:45,2024-05-27 05:45,T3 Cross Up,22958.35,23067.9,21,-2300.57,1449.83,-3750.39,-0.78,-78027.48999999999,1921972.51
^NSEI,LONG,2024-05-27 05:45,2024-05-27 08:45,T3 Cross Down,23067.9,22938.75,21,-2712.16,1449.21,-4161.37,-0.86,-82188.85999999999,1917811.1400000001
^NSEI,SHORT,2024-05-27 08:45,2024-05-31 04:45,T3 Cross Up,22938.75,22530.8,21,8566.93,1432.29,7134.64,1.48,-75054.21999999999,1924945.78
^NSEI,LONG,2024-05-31 04:45,2024-06-04 03:45,T3 Cross Down,22530.8,22833.9,22,6668.19,1497.04,5171.16,1.04,-69883.05999999998,1930116.94
^NSEI,SHORT,2024-06-04 03:45,2024-06-05 04:45,T3 Cross Up,22833.9,22351.4,21,10132.5,1423.34,8709.16,1.82,-61173.89999999998,1938826.1
^NSEI,LONG,2024-06-05 04:45,2024-06-10 08:45,T3 Cross Down,22351.4,23262.15,22,20036.5,1505.25,18531.25,3.77,-42642.64999999998,1957357.35
^NSEI,SHORT,2024-06-10 08:45,2024-06-12 03:45,T3 Cross Up,23262.15,23409.3,21,-3090.16,1470.15,-4560.31,-0.93,-47202.95999999998,1952797.04
^NSEI,LONG,2024-06-12 03:45,2024-06-12 07:45,T3 Cross Down,23409.3,23352.8,21,-1186.5,1473.01,-2659.51,-0.54,-49862.46999999998,1950137.53
^NSEI,SHORT,2024-06-12 07:45,2024-06-13 03:45,T3 Cross Up,23352.8,23408.7,21,-1173.87,1472.99,-2646.85,-0.54,-52509.31999999998,1947490.68
^NSEI,LONG,2024-06-13 03:45,2024-06-13 04:45,T3 Cross Down,23408.7,23367.8,21,-858.87,1473.46,-2332.33,-0.47,-54841.64999999998,1945158.35
^NSEI,SHORT,2024-06-13 04:45,2024-06-13 05:45,T3 Cross Up,23367.8,23391.85,21,-505.03,1472.93,-1977.95,-0.4,-56819.59999999998,1943180.4
^NSEI,LONG,2024-06-13 05:45,2024-06-19 03:45,T3 Cross Down,23391.85,23523.05,21,2755.22,1477.82,1277.41,0.26,-55542.18999999997,1944457.81
^NSEI,SHORT,2024-06-19 03:45,2024-06-19 05:45,T3 Cross Up,23523.05,23556.35,21,-699.28,1483.0,-2182.28,-0.44,-57724.46999999997,1942275.53
^NSEI,LONG,2024-06-19 05:45,2024-06-19 08:45,T3 Cross Down,23556.35,23511.0,21,-952.34,1482.62,-2434.96,-0.49,-60159.42999999997,1939840.57
^NSEI,SHORT,2024-06-19 08:45,2024-06-20 05:45,T3 Cross Up,23511.0,23556.6,21,-957.59,1482.63,-2440.22,-0.49,-62599.64999999997,1937400.35
^NSEI,LONG,2024-06-20 05:45,2024-06-21 04:45,T3 Cross Down,23556.6,23529.05,21,-578.53,1483.2,-2061.72,-0.42,-64661.36999999997,1935338.6300000001
^NSEI,SHORT,2024-06-21 04:45,2024-06-21 07:45,T3 Cross Up,23529.05,23567.2,21,-801.12,1483.53,-2284.65,-0.46,-66946.01999999997,1933053.98
^NSEI,LONG,2024-06-21 07:45,2024-06-21 08:45,T3 Cross Down,23567.2,23476.2,21,-1911.0,1481.87,-3392.87,-0.69,-70338.88999999997,1929661.11
^NSEI,SHORT,2024-06-21 08:45,2024-06-24 05:45,T3 Cross Up,23476.2,23534.65,21,-1227.47,1480.84,-2708.32,-0.55,-73047.20999999998,1926952.79
^NSEI,LONG,2024-06-24 05:45,2024-06-28 06:45,T3 Cross Down,23534.65,24060.75,21,11048.09,1499.26,9548.84,1.93,-63498.36999999998,1936501.6300000001
^NSEI,SHORT,2024-06-28 06:45,2024-06-28 07:45,T3 Cross Up,24060.75,24117.2,20,-1128.98,1445.34,-2574.32,-0.53,-66072.68999999999,1933927.31
^NSEI,LONG,2024-06-28 07:45,2024-06-28 08:45,T3 Cross Down,24117.2,23989.2,20,-2560.0,1443.19,-4003.19,-0.83,-70075.87999999999,1929924.12
^NSEI,SHORT,2024-06-28 08:45,2024-07-01 05:45,T3 Cross Up,23989.2,24109.95,20,-2415.0,1442.97,-3857.97,-0.8,-73933.84999999999,1926066.15
^NSEI,LONG,2024-07-01 05:45,2024-07-02 06:45,T3 Cross Down,24109.95,24104.45,20,-110.0,1446.43,-1556.43,-0.32,-75490.27999999998,1924509.72
^NSEI,SHORT,2024-07-02 06:45,2024-07-03 03:45,T3 Cross Up,24104.45,24267.85,20,-3268.01,1451.17,-4719.18,-0.98,-80209.45999999999,1919790.54
^NSEI,LONG,2024-07-03 03:45,2024-07-04 08:45,T3 Cross Down,24267.85,24302.65,20,696.02,1457.12,-761.1,-0.16,-80970.56,1919029.44
^NSEI,SHORT,2024-07-04 08:45,2024-07-05 08:45,T3 Cross Up,24302.65,24342.05,20,-788.01,1459.34,-2247.35,-0.46,-83217.91,1916782.09
^NSEI,LONG,2024-07-05 08:45,2024-07-08 04:45,T3 Cross Down,24342.05,24270.05,20,-1440.0,1458.36,-2898.36,-0.6,-86116.27,1913883.73
^NSEI,SHORT,2024-07-08 04:45,2024-07-08 06:45,T3 Cross Up,24270.05,24298.05,20,-560.0,1457.04,-2017.04,-0.42,-88133.31,1911866.69
^NSEI,LONG,2024-07-08 06:45,2024-07-10 03:45,T3 Cross Down,24298.05,24330.75,20,653.98,1458.86,-804.88,-0.17,-88938.19,1911061.81
^NSEI,SHORT,2024-07-10 03:45,2024-07-11 06:45,T3 Cross Up,24330.75,24298.05,20,653.98,1458.86,-804.88,-0.17,-89743.07,1910256.93
^NSEI,LONG,2024-07-11 06:45,2024-07-15 08:45,T3 Cross Down,24298.05,24584.5,20,5728.98,1466.48,4262.51,0.88,-85480.56000000001,1914519.44
^NSEI,SHORT,2024-07-15 08:45,2024-07-16 03:45,T3 Cross Up,24584.5,24634.4,20,-998.01,1476.57,-2474.57,-0.5,-87955.13000000002,1912044.8699999999
^NSEI,LONG,2024-07-16 03:45,2024-07-16 07:45,T3 Cross Down,24634.4,24625.1,20,-186.02,1477.78,-1663.8,-0.34,-89618.93000000002,1910381.07
^NSEI,SHORT,2024-07-16 07:45,2024-07-18 03:45,T3 Cross Up,24625.1,24655.5,20,-608.01,1478.42,-2086.43,-0.42,-91705.36000000002,1908294.64
^NSEI,LONG,2024-07-18 03:45,2024-07-18 04:45,T3 Cross Down,24655.5,24537.35,20,-2363.01,1475.79,-3838.79,-0.78,-95544.15000000001,1904455.85
^NSEI,SHORT,2024-07-18 04:45,2024-07-18 06:45,T3 Cross Up,24537.35,24711.6,20,-3485.0,1477.47,-4962.47,-1.01,-100506.62000000001,1899493.38
^NSEI,LONG,2024-07-18 06:45,2024-07-19 03:45,T3 Cross Down,24711.6,24685.85,20,-515.0,1481.92,-1996.92,-0.4,-102503.54000000001,1897496.46
^NSEI,SHORT,2024-07-19 03:45,2024-07-23 04:45,T3 Cross Up,24685.85,24542.55,20,2865.98,1476.85,1389.12,0.28,-101114.42000000001,1898885.58
^NSEI,LONG,2024-07-23 04:45,2024-07-23 05:45,T3 Cross Down,24542.55,24469.3,20,-1465.0,1470.36,-2935.36,-0.6,-104049.78000000001,1895950.22
^NSEI,SHORT,2024-07-23 05:45,2024-07-23 08:45,T3 Cross Up,24469.3,24460.65,20,173.01,1467.9,-1294.89,-0.26,-105344.67000000001,1894655.33
^NSEI,LONG,2024-07-23 08:45,2024-07-24 05:45,T3 Cross Down,24460.65,24379.85,20,-1616.02,1465.22,-3081.23,-0.63,-108425.90000000001,1891574.1
^NSEI,SHORT,2024-07-24 05:45,2024-07-24 08:45,T3 Cross Up,24379.85,24407.4,20,-551.02,1463.62,-2014.63,-0.41,-110440.53000000001,1889559.47
^NSEI,LONG,2024-07-24 08:45,2024-07-25 03:45,T3 Cross Down,24407.4,24294.95,20,-2249.02,1461.07,-3710.09,-0.76,-114150.62000000001,1885849.38
^NSEI,SHORT,2024-07-25 03:45,2024-07-25 06:45,T3 Cross Up,24294.95,24382.3,20,-1747.03,1460.32,-3207.35,-0.66,-117357.97000000002,1882642.03
^NSEI,LONG,2024-07-25 06:45,2024-07-29 06:45,T3 Cross Down,24382.3,24833.05,20,9015.0,1476.46,7538.54,1.55,-109819.43000000002,1890180.57
^NSEI,SHORT,2024-07-29 06:45,2024-07-30 04:45,T3 Cross Up,24833.05,24926.7,20,-1872.97,1492.79,-3365.76,-0.68,-113185.19000000002,1886814.81
^NSEI,LONG,2024-07-30 04:45,2024-07-30 08:45,T3 Cross Down,24926.7,24847.5,20,-1583.98,1493.23,-3077.21,-0.62,-116262.40000000002,1883737.6
^NSEI,SHORT,2024-07-30 08:45,2024-07-31 03:45,T3 Cross Up,24847.5,24940.1,20,-1851.99,1493.63,-3345.62,-0.67,-119608.02000000002,1880391.98
^NSEI,LONG,2024-07-31 03:45,2024-07-31 04:45,T3 Cross Down,24940.1,24923.0,20,-341.99,1495.89,-1837.89,-0.37,-121445.91000000002,1878554.09
^NSEI,SHORT,2024-07-31 04:45,2024-07-31 05:45,T3 Cross Up,24923.0,24936.3,20,-266.02,1495.78,-1761.79,-0.35,-123207.70000000001,1876792.3
^NSEI,LONG,2024-07-31 05:45,2024-07-31 07:45,T3 Cross Down,24936.3,24926.3,20,-200.0,1495.88,-1695.88,-0.34,-124903.58000000002,1875096.42
^NSEI,SHORT,2024-07-31 07:45,2024-07-31 08:45,T3 Cross Up,24926.3,24945.8,20,-390.0,1496.16,-1886.16,-0.38,-126789.74000000002,1873210.26
^NSEI,LONG,2024-07-31 08:45,2024-08-01 07:45,T3 Cross Down,24945.8,24981.95,20,722.97,1497.83,-774.86,-0.16,-127564.60000000002,1872435.4
^NSEI,SHORT,2024-08-01 07:45,2024-08-01 08:45,T3 Cross Up,24981.95,25018.25,20,-726.02,1500.01,-2226.02,-0.45,-129790.62000000002,1870209.38
^NSEI,LONG,2024-08-01 08:45,2024-08-01 09:45,T3 Cross Down,25018.25,25004.9,19,-253.64,1425.66,-1679.3,-0.35,-131469.92,1868530.08
^NSEI,SHORT,2024-08-01 09:45,2024-08-06 03:45,T3 Cross Up,25004.9,24282.85,19,13718.96,1404.7,12314.26,2.59,-119155.66000000002,1880844.34
^NSEI,LONG,2024-08-06 03:45,2024-08-06 07:45,T3 Cross Down,24282.85,24022.9,20,-5198.98,1449.17,-6648.16,-1.37,-125803.82000000002,1874196.18
^NSEI,SHORT,2024-08-06 07:45,2024-08-07 03:45,T3 Cross Up,24022.9,24209.4,20,-3730.0,1446.97,-5176.97,-1.08,-130980.79000000002,1869019.21
^NSEI,LONG,2024-08-07 03:45,2024-08-08 03:45,T3 Cross Down,24209.4,24161.15,20,-965.0,1451.12,-2416.12,-0.5,-133396.91000000003,1866603.0899999999
^NSEI,SHORT,2024-08-08 03:45,2024-08-08 05:45,T3 Cross Up,24161.15,24306.6,20,-2908.98,1454.03,-4363.02,-0.9,-137759.93000000002,1862240.07
^NSEI,LONG,2024-08-08 05:45,2024-08-08 06:45,T3 Cross Down,24306.6,24160.35,20,-2925.0,1454.01,-4379.01,-0.9,-142138.94000000003,1857861.06
^NSEI,SHORT,2024-08-08 06:45,2024-08-09 03:45,T3 Cross Up,24160.35,24356.0,20,-3913.01,1455.49,-5368.5,-1.11,-147507.44000000003,1852492.56
^NSEI,LONG,2024-08-09 03:45,2024-08-12 03:45,T3 Cross Down,24356.0,24252.15,20,-2076.99,1458.24,-3535.24,-0.73,-151042.68000000002,1848957.32
^NSEI,SHORT,2024-08-12 03:45,2024-08-12 04:45,T3 Cross Up,24252.15,24434.8,20,-3653.01,1460.61,-5113.62,-1.05,-156156.30000000002,1843843.7
^NSEI,LONG,2024-08-12 04:45,2024-08-12 08:45,T3 Cross Down,24434.8,24345.7,20,-1782.03,1463.42,-3245.45,-0.66,-159401.75000000003,1840598.25
^NSEI,SHORT,2024-08-12 08:45,2024-08-14 07:45,T3 Cross Up,24345.7,24170.75,20,3498.98,1455.49,2043.49,0.42,-157358.26000000004,1842641.74
^NSEI,LONG,2024-08-14 07:45,2024-08-14 08:45,T3 Cross Down,24170.75,24133.0,20,-755.0,1449.11,-2204.11,-0.46,-159562.37000000002,1840437.63
^NSEI,SHORT,2024-08-14 08:45,2024-08-14 09:45,T3 Cross Up,24133.0,24143.7,20,-213.98,1448.3,-1662.29,-0.34,-161224.66000000003,1838775.3399999999
^NSEI,LONG,2024-08-14 09:45,2024-08-19 09:45,T3 Cross Down,24143.7,24579.0,20,8706.02,1461.68,7244.33,1.5,-153980.33000000005,1846019.67
^NSEI,SHORT,2024-08-19 09:45,2024-08-20 03:45,T3 Cross Up,24579.0,24722.6,20,-2871.99,1479.05,-4351.04,-0.89,-158331.37000000005,1841668.63
^NSEI,LONG,2024-08-20 03:45,2024-08-20 08:45,T3 Cross Down,24722.6,24698.1,20,-490.0,1482.62,-1972.62,-0.4,-160303.99000000005,1839696.01
^NSEI,SHORT,2024-08-20 08:45,2024-08-21 07:45,T3 Cross Up,24698.1,24739.85,20,-835.0,1483.14,-2318.14,-0.47,-162622.13000000006,1837377.8699999999
^NSEI,LONG,2024-08-21 07:45,2024-08-22 08:45,T3 Cross Down,24739.85,24810.6,20,1415.0,1486.51,-71.51,-0.01,-162693.64000000007,1837306.3599999999
^NSEI,SHORT,2024-08-22 08:45,2024-08-23 04:45,T3 Cross Up,24810.6,24833.4,20,-456.02,1489.32,-1945.34,-0.39,-164638.98000000007,1835361.02
^NSEI,LONG,2024-08-23 04:45,2024-08-23 07:45,T3 Cross Down,24833.4,24831.25,20,-43.01,1489.94,-1532.95,-0.31,-166171.93000000008,1833828.0699999998
^NSEI,SHORT,2024-08-23 07:45,2024-08-26 03:45,T3 Cross Up,24831.25,25008.35,20,-3541.99,1495.19,-5037.18,-1.01,-171209.11000000007,1828790.89
^NSEI,LONG,2024-08-26 03:45,2024-08-27 08:45,T3 Cross Down,25008.35,25024.6,19,308.75,1425.94,-1117.19,-0.24,-172326.30000000008,1827673.7
^NSEI,SHORT,2024-08-27 08:45,2024-08-28 05:45,T3 Cross Up,25024.6,25086.8,19,-1181.82,1428.17,-2610.0,-0.55,-174936.30000000008,1825063.7
^NSEI,LONG,2024-08-28 05:45,2024-08-28 08:45,T3 Cross Down,25086.8,25050.45,19,-690.68,1428.91,-2119.59,-0.44,-177055.89000000007,1822944.1099999999
^NSEI,SHORT,2024-08-28 08:45,2024-08-29 03:45,T3 Cross Up,25050.45,25097.4,19,-892.07,1429.21,-2321.29,-0.49,-179377.18000000008,1820622.8199999998
^NSEI,LONG,2024-08-29 03:45,2024-08-29 07:45,T3 Cross Down,25097.4,25077.05,19,-386.64,1429.97,-1816.61,-0.38,-181193.79000000007,1818806.21
^NSEI,SHORT,2024-08-29 07:45,2024-08-29 08:45,T3 Cross Up,25077.05,25130.05,19,-1007.0,1430.9,-2437.9,-0.51,-183631.69000000006,1816368.31
^NSEI,LONG,2024-08-29 08:45,2024-09-02 06:45,T3 Cross Down,25130.05,25255.7,19,2387.32,1435.99,951.33,0.2,-182680.36000000007,1817319.64
^NSEI,SHORT,2024-09-02 06:45,2024-09-04 08:45,T3 Cross Up,25255.7,25210.1,19,866.39,1438.28,-571.88,-0.12,-183252.24000000008,1816747.76
^NSEI,LONG,2024-09-04 08:45,2024-09-05 06:45,T3 Cross Down,25210.1,25172.8,19,-708.68,1435.91,-2144.59,-0.45,-185396.83000000007,1814603.17
^NSEI,SHORT,2024-09-05 06:45,2024-09-09 04:45,T3 Cross Up,25172.8,24894.15,19,5294.36,1426.91,3867.45,0.81,-181529.38000000006,1818470.6199999999
^NSEI,LONG,2024-09-09 04:45,2024-09-09 05:45,T3 Cross Down,24894.15,24851.95,20,-844.02,1492.38,-2336.41,-0.47,-183865.79000000007,1816134.21
^NSEI,SHORT,2024-09-09 05:45,2024-09-09 06:45,T3 Cross Up,24851.95,24882.15,20,-604.02,1492.02,-2096.05,-0.42,-185961.84000000005,1814038.16
^NSEI,LONG,2024-09-09 06:45,2024-09-11 06:45,T3 Cross Down,24882.15,25059.55,20,3548.01,1498.25,2049.76,0.41,-183912.08000000005,1816087.92
^NSEI,SHORT,2024-09-11 06:45,2024-09-12 07:45,T3 Cross Up,25059.55,25204.7,19,-2757.82,1432.53,-4190.35,-0.88,-188102.43000000005,1811897.5699999998
^NSEI,LONG,2024-09-12 07:45,2024-09-13 09:45,T3 Cross Down,25204.7,25343.55,19,2638.18,1440.63,1197.55,0.25,-186904.88000000006,1813095.1199999999
^NSEI,SHORT,2024-09-13 09:45,2024-09-16 03:45,T3 Cross Up,25343.55,25409.3,19,-1249.25,1446.46,-2695.71,-0.56,-189600.59000000005,1810399.41
^NSEI,LONG,2024-09-16 03:45,2024-09-16 04:45,T3 Cross Down,25409.3,25384.15,19,-477.86,1447.61,-1925.47,-0.4,-191526.06000000006,1808473.94
^NSEI,SHORT,2024-09-16 04:45,2024-09-17 06:45,T3 Cross Up,25384.15,25425.7,19,-789.43,1448.08,-2237.51,-0.46,-193763.57000000007,1806236.43
^NSEI,LONG,2024-09-17 06:45,2024-09-17 08:45,T3 Cross Down,25425.7,25418.45,19,-137.75,1449.06,-1586.81,-0.33,-195350.38000000006,1804649.6199999999
^NSEI,SHORT,2024-09-17 08:45,2024-09-18 04:45,T3 Cross Up,25418.45,25461.25,19,-813.21,1450.07,-2263.29,-0.47,-197613.67000000007,1802386.3299999998
^NSEI,LONG,2024-09-18 04:45,2024-09-18 06:45,T3 Cross Down,25461.25,25374.4,19,-1650.14,1448.82,-3098.96,-0.64,-200712.63000000006,1799287.3699999999
^NSEI,SHORT,2024-09-18 06:45,2024-09-19 03:45,T3 Cross Up,25374.4,25512.15,19,-2617.25,1450.27,-4067.52,-0.84,-204780.15000000005,1795219.8499999999
^NSEI,LONG,2024-09-19 03:45,2024-09-19 06:45,T3 Cross Down,25512.15,25396.4,19,-2199.25,1450.89,-3650.14,-0.75,-208430.29000000007,1791569.71
^NSEI,SHORT,2024-09-19 06:45,2024-09-19 09:45,T3 Cross Up,25396.4,25448.65,19,-992.75,1449.08,-2441.83,-0.51,-210872.12000000005,1789127.88
^NSEI,LONG,2024-09-19 09:45,2024-09-24 05:45,T3 Cross Down,25448.65,25921.55,19,8985.11,1464.05,7521.06,1.56,-203351.06000000006,1796648.94
^NSEI,SHORT,2024-09-24 05:45,2024-09-25 08:45,T3 Cross Up,25921.55,26017.55,19,-1824.0,1480.26,-3304.26,-0.67,-206655.32000000007,1793344.68
^NSEI,LONG,2024-09-25 08:45,2024-09-27 07:45,T3 Cross Down,26017.55,26186.8,19,3215.75,1487.82,1727.93,0.35,-204927.39000000007,1795072.6099999999
^NSEI,SHORT,2024-09-27 07:45,2024-10-01 08:45,T3 Cross Up,26186.8,25788.05,19,7576.25,1481.28,6094.97,1.22,-198832.42000000007,1801167.5799999998
^NSEI,LONG,2024-10-01 08:45,2024-10-03 03:45,T3 Cross Down,25788.05,25528.9,19,-4923.86,1462.53,-6386.39,-1.3,-205218.81000000008,1794781.19
^NSEI,SHORT,2024-10-03 03:45,2024-10-04 05:45,T3 Cross Up,25528.9,25468.85,19,1140.96,1453.44,-312.47,-0.06,-205531.2800000001,1794468.72
^NSEI,LONG,2024-10-04 05:45,2024-10-04 06:45,T3 Cross Down,25468.85,25114.4,19,-6734.54,1441.62,-8176.16,-1.69,-213707.4400000001,1786292.5599999998
^NSEI,SHORT,2024-10-04 06:45,2024-10-08 03:45,T3 Cross Up,25114.4,24827.85,19,5444.46,1423.35,4021.11,0.84,-209686.3300000001,1790313.67
^NSEI,LONG,2024-10-08 03:45,2024-10-09 08:45,T3 Cross Down,24827.85,24971.15,20,2866.02,1493.97,1372.05,0.28,-208314.28000000012,1791685.72
^NSEI,SHORT,2024-10-09 08:45,2024-10-10 03:45,T3 Cross Up,24971.15,25116.8,20,-2913.01,1502.64,-4415.65,-0.88,-212729.9300000001,1787270.0699999998
^NSEI,LONG,2024-10-10 03:45,2024-10-10 04:45,T3 Cross Down,25116.8,25023.2,19,-1778.43,1428.99,-3207.42,-0.67,-215937.35000000012,1784062.65
^NSEI,SHORT,2024-10-10 04:45,2024-10-14 03:45,T3 Cross Up,25023.2,25100.15,19,-1462.07,1428.52,-2890.59,-0.61,-218827.94000000012,1781172.0599999998
^NSEI,LONG,2024-10-14 03:45,2024-10-15 03:45,T3 Cross Down,25100.15,25055.3,19,-852.14,1429.43,-2281.57,-0.48,-221109.51000000013,1778890.4899999998
^NSEI,SHORT,2024-10-15 03:45,2024-10-18 05:45,T3 Cross Up,25055.3,24785.5,19,5126.21,1420.46,3705.75,0.78,-217403.76000000013,1782596.2399999998
^NSEI,LONG,2024-10-18 05:45,2024-10-21 05:45,T3 Cross Down,24785.5,24720.95,20,-1291.02,1485.19,-2776.21,-0.56,-220179.97000000012,1779820.0299999998
^NSEI,SHORT,2024-10-21 05:45,2024-10-21 07:45,T3 Cross Up,24720.95,24819.7,20,-1975.0,1486.22,-3461.22,-0.7,-223641.19000000012,1776358.8099999998
^NSEI,LONG,2024-10-21 07:45,2024-10-21 09:45,T3 Cross Down,24819.7,24739.45,20,-1605.0,1486.77,-3091.77,-0.62,-226732.9600000001,1773267.0399999998
^NSEI,SHORT,2024-10-21 09:45,2024-10-24 09:45,T3 Cross Up,24739.45,24412.85,20,6531.99,1474.57,5057.42,1.02,-221675.5400000001,1778324.46
^NSEI,LONG,2024-10-24 09:45,2024-10-25 03:45,T3 Cross Down,24412.85,24237.75,20,-3501.99,1459.52,-4961.51,-1.02,-226637.0500000001,1773362.95
^NSEI,SHORT,2024-10-25 03:45,2024-10-25 09:45,T3 Cross Up,24237.75,24210.85,20,538.01,1453.46,-915.45,-0.19,-227552.50000000012,1772447.5
^NSEI,LONG,2024-10-25 09:45,2024-10-29 03:45,T3 Cross Down,24210.85,24225.15,20,286.02,1453.08,-1167.06,-0.24,-228719.5600000001,1771280.44
^NSEI,SHORT,2024-10-29 03:45,2024-10-29 06:45,T3 Cross Up,24225.15,24323.3,20,-1963.01,1456.45,-3419.46,-0.71,-232139.0200000001,1767860.98
^NSEI,LONG,2024-10-29 06:45,2024-10-30 07:45,T3 Cross Down,24323.3,24324.55,20,25.0,1459.44,-1434.44,-0.29,-233573.4600000001,1766426.5399999998
^NSEI,SHORT,2024-10-30 07:45,2024-11-04 09:45,T3 Cross Up,24324.55,23990.95,20,6672.03,1449.46,5222.57,1.07,-228350.8900000001,1771649.1099999999
^NSEI,LONG,2024-11-04 09:45,2024-11-05 05:45,T3 Cross Down,23990.95,23874.55,20,-2327.97,1435.96,-3763.93,-0.78,-232114.8200000001,1767885.18
^NSEI,SHORT,2024-11-05 05:45,2024-11-05 07:45,T3 Cross Up,23874.55,24163.55,20,-5780.0,1441.14,-7221.14,-1.51,-239335.9600000001,1760664.0399999998
^NSEI,LONG,2024-11-05 07:45,2024-11-07 03:45,T3 Cross Down,24163.55,24221.4,20,1156.99,1451.55,-294.56,-0.06,-239630.5200000001,1760369.48
^NSEI,SHORT,2024-11-07 03:45,2024-11-11 04:45,T3 Cross Up,24221.4,24309.65,20,-1765.0,1455.93,-3220.93,-0.66,-242851.4500000001,1757148.5499999998
^NSEI,LONG,2024-11-11 04:45,2024-11-11 07:45,T3 Cross Down,24309.65,24107.5,20,-4043.01,1452.51,-5495.52,-1.13,-248346.9700000001,1751653.0299999998
^NSEI,SHORT,2024-11-11 07:45,2024-11-12 03:45,T3 Cross Up,24107.5,24164.35,20,-1136.99,1448.16,-2585.15,-0.54,-250932.12000000008,1749067.88
^NSEI,LONG,2024-11-12 03:45,2024-11-12 04:45,T3 Cross Down,24164.35,24140.5,20,-476.99,1449.15,-1926.14,-0.4,-252858.2600000001,1747141.74
^NSEI,SHORT,2024-11-12 04:45,2024-11-14 07:45,T3 Cross Up,24140.5,23548.65,20,11836.99,1430.67,10406.32,2.16,-242451.9400000001,1757548.0599999998
^NSEI,LONG,2024-11-14 07:45,2024-11-18 03:45,T3 Cross Down,23548.65,23451.7,21,-2035.97,1480.51,-3516.49,-0.71,-245968.43000000008,1754031.5699999998
^NSEI,SHORT,2024-11-18 03:45,2024-11-18 05:45,T3 Cross Up,23451.7,23477.7,21,-546.0,1478.28,-2024.28,-0.41,-247992.71000000008,1752007.29
^NSEI,LONG,2024-11-18 05:45,2024-11-19 08:45,T3 Cross Down,23477.7,23492.55,21,311.88,1479.56,-1167.68,-0.24,-249160.39000000007,1750839.6099999999
^NSEI,SHORT,2024-11-19 08:45,2024-11-22 03:45,T3 Cross Up,23492.55,23575.5,21,-1741.93,1482.64,-3224.58,-0.65,-252384.97000000006,1747615.03
^NSEI,LONG,2024-11-22 03:45,2024-11-26 04:45,T3 Cross Down,23575.5,24211.1,21,13347.59,1505.28,11842.31,2.39,-240542.66000000006,1759457.3399999999
^NSEI,SHORT,2024-11-26 04:45,2024-11-27 06:45,T3 Cross Up,24211.1,24321.45,20,-2206.99,1455.98,-3662.97,-0.76,-244205.63000000006,1755794.3699999999
^NSEI,LONG,2024-11-27 06:45,2024-11-28 04:45,T3 Cross Down,24321.45,24087.9,20,-4670.98,1452.28,-6123.26,-1.26,-250328.89000000007,1749671.1099999999
^NSEI,SHORT,2024-11-28 04:45,2024-11-29 04:45,T3 Cross Up,24087.9,24120.9,20,-660.0,1446.26,-2106.26,-0.44,-252435.15000000008,1747564.8499999999
^NSEI,LONG,2024-11-29 04:45,2024-12-04 05:45,T3 Cross Down,24120.9,24449.7,20,6575.98,1457.12,5118.86,1.06,-247316.2900000001,1752683.71
^NSEI,SHORT,2024-12-04 05:45,2024-12-04 07:45,T3 Cross Up,24449.7,24532.4,20,-1654.02,1469.46,-3123.49,-0.64,-250439.7800000001,1749560.22
^NSEI,LONG,2024-12-04 07:45,2024-12-04 08:45,T3 Cross Down,24532.4,24467.95,20,-1289.02,1470.01,-2759.03,-0.56,-253198.81000000008,1746801.19
^NSEI,SHORT,2024-12-04 08:45,2024-12-05 05:45,T3 Cross Up,24467.95,24589.9,20,-2439.02,1471.74,-3910.76,-0.8,-257109.5700000001,1742890.43
^NSEI,LONG,2024-12-05 05:45,2024-12-06 07:45,T3 Cross Down,24589.9,24692.85,20,2058.98,1478.48,580.5,0.12,-256529.0700000001,1743470.93
^NSEI,SHORT,2024-12-06 07:45,2024-12-10 03:45,T3 Cross Up,24692.85,24656.7,20,723.01,1480.49,-757.48,-0.15,-257286.5500000001,1742713.45
^NSEI,LONG,2024-12-10 03:45,2024-12-10 05:45,T3 Cross Down,24656.7,24620.8,20,-717.97,1478.32,-2196.29,-0.45,-259482.8400000001,1740517.16
^NSEI,SHORT,2024-12-10 05:45,2024-12-10 09:45,T3 Cross Up,24620.8,24620.5,20,6.02,1477.24,-1471.22,-0.3,-260954.0600000001,1739045.94
^NSEI,LONG,2024-12-10 09:45,2024-12-11 09:45,T3 Cross Down,24620.5,24629.5,20,180.0,1477.5,-1297.5,-0.26,-262251.5600000001,1737748.44
^NSEI,SHORT,2024-12-11 09:45,2024-12-13 05:45,T3 Cross Up,24629.5,24560.45,20,1381.02,1475.7,-94.68,-0.02,-262346.2400000001,1737653.7599999998
^NSEI,LONG,2024-12-13 05:45,2024-12-16 05:45,T3 Cross Down,24560.45,24606.45,20,920.0,1475.01,-555.01,-0.11,-262901.2500000001,1737098.75
^NSEI,SHORT,2024-12-16 05:45,2024-12-16 06:45,T3 Cross Up,24606.45,24663.2,20,-1135.0,1478.09,-2613.09,-0.53,-265514.34000000014,1734485.66
^NSEI,LONG,2024-12-16 06:45,2024-12-16 07:45,T3 Cross Down,24663.2,24660.5,20,-53.98,1479.71,-1533.7,-0.31,-267048.04000000015,1732951.96
^NSEI,SHORT,2024-12-16 07:45,2024-12-20 04:45,T3 Cross Up,24660.5,23958.9,20,14031.99,1458.58,12573.41,2.55,-254474.63000000015,1745525.3699999999
^NSEI,LONG,2024-12-20 04:45,2024-12-20 05:45,T3 Cross Down,23958.9,23889.1,20,-1396.02,1435.44,-2831.46,-0.59,-257306.09000000014,1742693.91
^NSEI,SHORT,2024-12-20 05:45,2024-12-23 03:45,T3 Cross Up,23889.1,23769.35,20,2395.0,1429.75,965.25,0.2,-256340.84000000014,1743659.16
^NSEI,LONG,2024-12-23 03:45,2024-12-23 06:45,T3 Cross Down,23769.35,23681.2,21,-1851.16,1494.69,-3345.85,-0.67,-259686.69000000015,1740313.3099999998
^NSEI,SHORT,2024-12-23 06:45,2024-12-23 07:45,T3 Cross Up,23681.2,23699.1,21,-375.91,1492.48,-1868.39,-0.38,-261555.08000000016,1738444.92
^NSEI,LONG,2024-12-23 07:45,2024-12-24 08:45,T3 Cross Down,23699.1,23718.95,21,416.84,1493.67,-1076.83,-0.22,-262631.91000000015,1737368.0899999999
^NSEI,SHORT,2024-12-24 08:45,2024-12-26 04:45,T3 Cross Up,23718.95,23759.95,21,-861.0,1495.59,-2356.59,-0.47,-264988.5000000002,1735011.4999999998
^NSEI,LONG,2024-12-26 04:45,2024-12-26 05:45,T3 Cross Down,23759.95,23734.7,21,-530.25,1496.08,-2026.33,-0.41,-267014.8300000002,1732985.17
^NSEI,SHORT,2024-12-26 05:45,2024-12-26 06:45,T3 Cross Up,23734.7,23750.65,21,-334.97,1495.79,-1830.76,-0.37,-268845.5900000002,1731154.4099999997
^NSEI,LONG,2024-12-26 06:45,2024-12-26 07:45,T3 Cross Down,23750.65,23745.35,21,-111.32,1496.12,-1607.44,-0.32,-270453.0300000002,1729546.9699999997
^NSEI,SHORT,2024-12-26 07:45,2024-12-26 08:45,T3 Cross Up,23745.35,23754.95,21,-201.59,1496.26,-1697.85,-0.34,-272150.8800000002,1727849.1199999999
^NSEI,LONG,2024-12-26 08:45,2024-12-27 08:45,T3 Cross Down,23754.95,23807.7,21,1107.75,1498.22,-390.47,-0.08,-272541.35000000015,1727458.65
^NSEI,SHORT,2024-12-27 08:45,2024-12-30 05:45,T3 Cross Up,23807.7,23881.4,21,-1547.72,1502.21,-3049.93,-0.61,-275591.28000000014,1724408.7199999997
^NSEI,LONG,2024-12-30 05:45,2024-12-30 06:45,T3 Cross Down,23881.4,23772.2,20,-2184.02,1429.61,-3613.63,-0.76,-279204.91000000015,1720795.0899999999
^NSEI,SHORT,2024-12-30 06:45,2024-12-31 07:45,T3 Cross Up,23772.2,23680.4,21,1927.78,1494.76,433.02,0.09,-278771.89000000013,1721228.1099999999
^NSEI,LONG,2024-12-31 07:45,2025-01-03 06:45,T3 Cross Down,23680.4,24098.25,21,8774.84,1505.03,7269.81,1.46,-271502.08000000013,1728497.92
^NSEI,SHORT,2025-01-03 06:45,2025-01-07 05:45,T3 Cross Up,24098.25,23720.0,20,7565.0,1434.55,6130.45,1.27,-265371.6300000001,1734628.3699999999
^NSEI,LONG,2025-01-07 05:45,2025-01-08 04:45,T3 Cross Down,23720.0,23573.0,21,-3087.0,1489.73,-4576.73,-0.92,-269948.3600000001,1730051.64
^NSEI,SHORT,2025-01-08 04:45,2025-01-08 07:45,T3 Cross Up,23573.0,23696.5,21,-2593.5,1488.99,-4082.49,-0.82,-274030.8500000001,1725969.15
^NSEI,LONG,2025-01-08 07:45,2025-01-09 04:45,T3 Cross Down,23696.5,23561.9,21,-2826.59,1488.64,-4315.23,-0.87,-278346.0800000001,1721653.92
^NSEI,SHORT,2025-01-09 04:45,2025-01-10 04:45,T3 Cross Up,23561.9,23557.65,21,89.25,1484.27,-1395.02,-0.28,-279741.1000000001,1720258.9
^NSEI,LONG,2025-01-10 04:45,2025-01-10 05:45,T3 Cross Down,23557.65,23523.4,21,-719.25,1483.05,-2202.3,-0.45,-281943.4000000001,1718056.5999999999
^NSEI,SHORT,2025-01-10 05:45,2025-01-10 06:45,T3 Cross Up,23523.4,23517.75,21,118.66,1481.8,-1363.14,-0.28,-283306.5400000001,1716693.46
^NSEI,LONG,2025-01-10 06:45,2025-01-10 07:45,T3 Cross Down,23517.75,23441.25,21,-1606.5,1479.21,-3085.71,-0.62,-286392.2500000001,1713607.75
^NSEI,SHORT,2025-01-10 07:45,2025-01-14 04:45,T3 Cross Up,23441.25,23260.05,21,3805.18,1471.09,2334.09,0.47,-284058.1600000001,1715941.8399999999
^NSEI,LONG,2025-01-14 04:45,2025-01-17 03:45,T3 Cross Down,23260.05,23204.15,21,-1173.91,1463.62,-2637.53,-0.54,-286695.6900000001,1713304.3099999998
^NSEI,SHORT,2025-01-17 03:45,2025-01-20 03:45,T3 Cross Up,23204.15,23228.05,21,-501.91,1462.61,-1964.52,-0.4,-288660.21000000014,1711339.7899999998
^NSEI,LONG,2025-01-20 03:45,2025-01-21 03:45,T3 Cross Down,23228.05,23266.0,21,796.93,1464.56,-667.63,-0.14,-289327.84000000014,1710672.16
^NSEI,SHORT,2025-01-21 03:45,2025-01-22 08:45,T3 Cross Up,23266.0,23164.25,21,2136.75,1462.55,674.2,0.14,-288653.64000000013,1711346.3599999999
^NSEI,LONG,2025-01-22 08:45,2025-01-24 03:45,T3 Cross Down,23164.25,23156.35,21,-165.91,1459.1,-1625.01,-0.33,-290278.65000000014,1709721.3499999999
^NSEI,SHORT,2025-01-24 03:45,2025-01-24 04:45,T3 Cross Up,23156.35,23279.2,21,-2579.84,1462.72,-4042.56,-0.83,-294321.21000000014,1705678.7899999998
^NSEI,LONG,2025-01-24 04:45,2025-01-24 06:45,T3 Cross Down,23279.2,23216.5,21,-1316.68,1464.61,-2781.3,-0.57,-297102.5100000001,1702897.4899999998
^NSEI,SHORT,2025-01-24 06:45,2025-01-28 04:45,T3 Cross Up,23216.5,22959.6,21,5394.91,1454.55,3940.36,0.81,-293162.15000000014,1706837.8499999999
^NSEI,LONG,2025-01-28 04:45,2025-01-30 07:45,T3 Cross Down,22959.6,23167.6,21,4368.0,1453.01,2914.99,0.6,-290247.16000000015,1709752.8399999999
^NSEI,SHORT,2025-01-30 07:45,2025-01-30 08:45,T3 Cross Up,23167.6,23249.55,21,-1720.97,1462.14,-3183.11,-0.65,-293430.27000000014,1706569.73
^NSEI,LONG,2025-01-30 08:45,2025-02-01 05:45,T3 Cross Down,23249.55,23447.05,21,4147.5,1470.94,2676.56,0.55,-290753.71000000014,1709246.2899999998
^NSEI,SHORT,2025-02-01 05:45,2025-02-04 03:45,T3 Cross Up,23447.05,23512.65,21,-1377.59,1479.23,-2856.82,-0.58,-293610.53000000014,1706389.4699999997
^NSEI,LONG,2025-02-04 03:45,2025-02-05 08:45,T3 Cross Down,23512.65,23695.9,21,3848.25,1487.07,2361.18,0.48,-291249.35000000015,1708750.65
^NSEI,SHORT,2025-02-05 08:45,2025-02-12 05:45,T3 Cross Up,23695.9,23044.4,21,13681.5,1472.32,12209.18,2.45,-279040.17000000016,1720959.8299999998
^NSEI,LONG,2025-02-12 05:45,2025-02-13 08:45,T3 Cross Down,23044.4,23030.15,21,-299.25,1451.35,-1750.6,-0.36,-280790.77000000014,1719209.23
^NSEI,SHORT,2025-02-13 08:45,2025-02-17 06:45,T3 Cross Up,23030.15,22837.85,21,4038.32,1444.84,2593.47,0.54,-278197.30000000016,1721802.6999999997
^NSEI,LONG,2025-02-17 06:45,2025-02-18 04:45,T3 Cross Down,22837.85,22813.7,21,-507.16,1438.02,-1945.18,-0.41,-280142.48000000016,1719857.5199999998
^NSEI,SHORT,2025-02-18 04:45,2025-02-18 05:45,T3 Cross Up,22813.7,22863.3,21,-1041.63,1438.83,-2480.46,-0.52,-282622.9400000002,1717377.0599999998
^NSEI,LONG,2025-02-18 05:45,2025-02-19 08:45,T3 Cross Down,22863.3,22939.95,21,1609.62,1442.8,166.81,0.03,-282456.1300000002,1717543.8699999999
^NSEI,SHORT,2025-02-19 08:45,2025-02-25 03:45,T3 Cross Up,22939.95,22597.8,21,7185.12,1434.44,5750.68,1.19,-276705.4500000002,1723294.5499999998
^NSEI,LONG,2025-02-25 03:45,2025-02-25 09:45,T3 Cross Down,22597.8,22529.05,22,-1512.5,1489.19,-3001.69,-0.6,-279707.1400000002,1720292.8599999999
^NSEI,SHORT,2025-02-25 09:45,2025-02-27 03:45,T3 Cross Up,22529.05,22542.3,22,-291.5,1487.35,-1778.85,-0.36,-281485.99000000017,1718514.0099999998
^NSEI,LONG,2025-02-27 03:45,2025-02-27 05:45,T3 Cross Down,22542.3,22526.65,22,-344.31,1487.28,-1831.58,-0.37,-283317.5700000002,1716682.4299999997
^NSEI,SHORT,2025-02-27 05:45,2025-02-27 07:45,T3 Cross Up,22526.65,22544.1,22,-383.88,1487.33,-1871.22,-0.38,-285188.79000000015,1714811.21
^NSEI,LONG,2025-02-27 07:45,2025-02-27 09:45,T3 Cross Down,22544.1,22510.85,22,-731.5,1486.81,-2218.31,-0.45,-287407.10000000015,1712592.9
^NSEI,SHORT,2025-02-27 09:45,2025-03-03 06:45,T3 Cross Up,22510.85,22155.05,22,7827.57,1473.97,6353.6,1.28,-281053.5000000002,1718946.4999999998
^NSEI,LONG,2025-03-03 06:45,2025-03-04 03:45,T3 Cross Down,22155.05,22049.95,22,-2312.23,1458.76,-3771.0,-0.77,-284824.5000000002,1715175.4999999998
^NSEI,SHORT,2025-03-04 03:45,2025-03-04 04:45,T3 Cross Up,22049.95,22083.7,22,-742.5,1456.41,-2198.91,-0.45,-287023.41000000015,1712976.5899999999
^NSEI,LONG,2025-03-04 04:45,2025-03-07 05:45,T3 Cross Down,22083.7,22526.85,22,9749.31,1472.15,8277.16,1.7,-278746.2500000002,1721253.7499999998
^NSEI,SHORT,2025-03-07 05:45,2025-03-10 03:45,T3 Cross Up,22526.85,22631.75,22,-2307.81,1490.23,-3798.04,-0.77,-282544.29000000015,1717455.71
^NSEI,LONG,2025-03-10 03:45,2025-03-10 05:45,T3 Cross Down,22631.75,22587.5,22,-973.5,1492.24,-2465.74,-0.5,-285010.03000000014,1714989.9699999997
^NSEI,SHORT,2025-03-10 05:45,2025-03-11 07:45,T3 Cross Up,22587.5,22501.55,22,1890.88,1487.94,402.94,0.08,-284607.09000000014,1715392.91
^NSEI,LONG,2025-03-11 07:45,2025-03-12 03:45,T3 Cross Down,22501.55,22425.2,22,-1679.73,1482.58,-3162.32,-0.64,-287769.41000000015,1712230.5899999999
^NSEI,SHORT,2025-03-12 03:45,2025-03-12 07:45,T3 Cross Up,22425.2,22437.0,22,-259.62,1480.45,-1740.07,-0.35,-289509.48000000016,1710490.5199999998
^NSEI,LONG,2025-03-12 07:45,2025-03-13 05:45,T3 Cross Down,22437.0,22443.2,22,136.38,1481.05,-1344.66,-0.27,-290854.14000000013,1709145.8599999999
^NSEI,SHORT,2025-03-13 05:45,2025-03-17 03:45,T3 Cross Up,22443.2,22513.4,22,-1544.43,1483.57,-3027.99,-0.61,-293882.1300000001,1706117.8699999999
^NSEI,LONG,2025-03-17 03:45,2025-03-19 09:45,T3 Cross Down,22513.4,22911.8,22,8764.81,1499.03,7265.78,1.47,-286616.3500000001,1713383.65
^NSEI,SHORT,2025-03-19 09:45,2025-03-20 03:45,T3 Cross Up,22911.8,22987.65,21,-1592.84,1445.83,-3038.67,-0.63,-289655.0200000001,1710344.98
^NSEI,LONG,2025-03-20 03:45,2025-03-25 05:45,T3 Cross Down,22987.65,23693.15,21,14815.5,1470.45,13345.05,2.76,-276309.9700000001,1723690.0299999998
^NSEI,SHORT,2025-03-25 05:45,2025-03-25 07:45,T3 Cross Up,23693.15,23739.9,21,-981.75,1494.14,-2475.89,-0.5,-278785.8600000001,1721214.14
^NSEI,LONG,2025-03-25 07:45,2025-03-25 08:45,T3 Cross Down,23739.9,23670.3,21,-1461.59,1493.42,-2955.01,-0.59,-281740.8700000001,1718259.13
^NSEI,SHORT,2025-03-25 08:45,2025-03-27 04:45,T3 Cross Up,23670.3,23602.9,21,1415.41,1489.11,-73.7,-0.01,-281814.5700000001,1718185.43
^NSEI,LONG,2025-03-27 04:45,2025-03-28 03:45,T3 Cross Down,23602.9,23524.15,21,-1653.75,1484.5,-3138.25,-0.63,-284952.8200000001,1715047.18
^NSEI,SHORT,2025-03-28 03:45,2025-03-28 04:45,T3 Cross Up,23524.15,23581.3,21,-1200.16,1483.82,-2683.98,-0.54,-287636.8000000001,1712363.2
^NSEI,LONG,2025-03-28 04:45,2025-03-28 06:45,T3 Cross Down,23581.3,23499.55,21,-1716.75,1483.05,-3199.8,-0.65,-290836.6000000001,1709163.4
^NSEI,SHORT,2025-03-28 06:45,2025-04-02 04:45,T3 Cross Up,23499.55,23287.5,21,4453.07,1473.79,2979.27,0.6,-287857.3300000001,1712142.67
^NSEI,LONG,2025-04-02 04:45,2025-04-03 07:45,T3 Cross Down,23287.5,23255.3,21,-676.18,1466.1,-2142.28,-0.44,-289999.6100000001,1710000.39
^NSEI,SHORT,2025-04-03 07:45,2025-04-07 09:45,T3 Cross Up,23255.3,22238.0,21,21363.32,1433.04,19930.28,4.08,-270069.3300000001,1729930.67
^NSEI,LONG,2025-04-07 09:45,2025-04-09 04:45,T3 Cross Down,22238.0,22374.55,22,3004.12,1472.21,1531.9,0.31,-268537.43000000005,1731462.5699999998
^NSEI,SHORT,2025-04-09 04:45,2025-04-09 05:45,T3 Cross Up,22374.55,22432.15,22,-1267.19,1478.62,-2745.81,-0.56,-271283.24000000005,1728716.76
^NSEI,LONG,2025-04-09 05:45,2025-04-09 07:45,T3 Cross Down,22432.15,22402.25,22,-657.81,1479.54,-2137.34,-0.43,-273420.5800000001,1726579.42
^NSEI,SHORT,2025-04-09 07:45,2025-04-11 03:45,2% SL Hit,22402.25,22850.3,22,-9856.99,1493.33,-11350.32,-2.3,-284770.9000000001,1715229.0999999999
^NSEI,LONG,2025-04-11 04:45,2025-04-16 04:45,T3 Cross Down,22834.7,23319.3,21,10176.63,1453.85,8722.78,1.82,-276048.12000000005,1723951.88
^NSEI,SHORT,2025-04-16 04:45,2025-04-16 07:45,T3 Cross Up,23319.3,23428.6,21,-2295.28,1472.56,-3767.83,-0.77,-279815.95000000007,1720184.0499999998
^NSEI,LONG,2025-04-16 07:45,2025-04-16 08:45,T3 Cross Down,23428.6,23423.5,21,-107.09,1475.84,-1582.93,-0.32,-281398.88000000006,1718601.1199999999
^NSEI,SHORT,2025-04-16 08:45,2025-04-17 05:45,T3 Cross Up,23423.5,23634.45,21,-4429.93,1482.33,-5912.26,-1.2,-287311.1400000001,1712688.8599999999
^NSEI,LONG,2025-04-17 05:45,2025-04-22 05:45,T3 Cross Down,23634.45,24202.85,21,11936.41,1506.87,10429.53,2.1,-276881.61000000004,1723118.39
^NSEI,SHORT,2025-04-22 05:45,2025-04-23 06:45,T3 Cross Up,24202.85,24243.3,20,-809.02,1453.38,-2262.41,-0.47,-279144.02,1720855.98
^NSEI,LONG,2025-04-23 06:45,2025-04-24 04:45,T3 Cross Down,24243.3,24279.05,20,715.0,1455.67,-740.67,-0.15,-279884.69,1720115.31
^NSEI,SHORT,2025-04-24 04:45,2025-04-28 03:45,T3 Cross Up,24279.05,24275.85,20,64.02,1456.65,-1392.62,-0.29,-281277.31,1718722.69
^NSEI,LONG,2025-04-28 03:45,2025-04-29 08:45,T3 Cross Down,24275.85,24326.45,20,1011.99,1458.07,-446.08,-0.09,-281723.39,1718276.6099999999
^NSEI,SHORT,2025-04-29 08:45,2025-05-02 03:45,T3 Cross Up,24326.45,24581.95,20,-5110.0,1467.25,-6577.25,-1.35,-288300.64,1711699.3599999999
^NSEI,LONG,2025-05-02 03:45,2025-05-02 05:45,T3 Cross Down,24581.95,24315.0,20,-5338.98,1466.91,-6805.89,-1.38,-295106.53,1704893.47
^NSEI,SHORT,2025-05-02 05:45,2025-05-05 03:45,T3 Cross Up,24315.0,24479.1,20,-3281.99,1463.82,-4745.82,-0.98,-299852.35000000003,1700147.65
^NSEI,LONG,2025-05-05 03:45,2025-05-06 03:45,T3 Cross Down,24479.1,24389.7,20,-1788.01,1466.06,-3254.07,-0.66,-303106.42000000004,1696893.58
^NSEI,SHORT,2025-05-06 03:45,2025-05-07 07:45,T3 Cross Up,24389.7,24406.9,20,-344.02,1463.9,-1807.92,-0.37,-304914.34,1695085.66
^NSEI,LONG,2025-05-07 07:45,2025-05-08 06:45,T3 Cross Down,24406.9,24385.0,20,-438.01,1463.76,-1901.76,-0.39,-306816.10000000003,1693183.9
^NSEI,SHORT,2025-05-08 06:45,2025-05-12 03:45,T3 Cross Up,24385.0,24682.65,20,-5953.01,1472.03,-7425.04,-1.52,-314241.14,1685758.8599999999
^NSEI,LONG,2025-05-12 03:45,2025-05-13 05:45,T3 Cross Down,24682.65,24757.6,20,1498.98,1483.21,15.78,0.0,-314225.36,1685774.6400000001
^NSEI,SHORT,2025-05-13 05:45,2025-05-15 05:45,T3 Cross Up,24757.6,24661.05,20,1930.98,1482.56,448.42,0.09,-313776.94,1686223.06
^NSEI,LONG,2025-05-15 05:45,2025-05-16 09:45,T3 Cross Down,24661.05,25013.1,20,7040.98,1490.22,5550.75,1.13,-308226.19,1691773.81
^NSEI,SHORT,2025-05-16 09:45,2025-05-19 03:45,T3 Cross Up,25013.1,25040.85,19,-527.25,1426.54,-1953.79,-0.41,-310179.98,1689820.02
^NSEI,LONG,2025-05-19 03:45,2025-05-19 04:45,T3 Cross Down,25040.85,25027.05,19,-262.18,1426.94,-1689.11,-0.36,-311869.08999999997,1688130.9100000001
^NSEI,SHORT,2025-05-19 04:45,2025-05-21 03:45,T3 Cross Up,25027.05,24869.25,19,2998.21,1422.04,1576.17,0.33,-310292.92,1689707.08
^NSEI,LONG,2025-05-21 03:45,2025-05-21 05:45,T3 Cross Down,24869.25,24733.65,20,-2711.99,1488.09,-4200.08,-0.84,-314493.0,1685507.0
^NSEI,SHORT,2025-05-21 05:45,2025-05-21 06:45,T3 Cross Up,24733.65,24799.7,20,-1320.98,1486.0,-2806.98,-0.57,-317299.98,1682700.02
^NSEI,LONG,2025-05-21 06:45,2025-05-22 03:45,T3 Cross Down,24799.7,24606.05,20,-3872.97,1482.17,-5355.14,-1.08,-322655.12,1677344.88
^NSEI,SHORT,2025-05-22 03:45,2025-05-22 09:45,T3 Cross Up,24606.05,24637.0,20,-618.98,1477.29,-2096.28,-0.43,-324751.4,1675248.6
^NSEI,LONG,2025-05-22 09:45,2025-05-27 03:45,T3 Cross Down,24637.0,24777.1,20,2801.99,1482.42,1319.57,0.27,-323431.83,1676568.17
^NSEI,SHORT,2025-05-27 03:45,2025-05-29 03:45,T3 Cross Up,24777.1,24801.75,20,-493.01,1487.37,-1980.37,-0.4,-325412.2,1674587.8
^NSEI,LONG,2025-05-29 03:45,2025-05-29 04:45,T3 Cross Down,24801.75,24723.55,20,-1563.98,1485.76,-3049.74,-0.61,-328461.94,1671538.06
^NSEI,SHORT,2025-05-29 04:45,2025-05-29 06:45,T3 Cross Up,24723.55,24760.75,20,-743.98,1484.53,-2228.51,-0.45,-330690.45,1669309.55
^NSEI,LONG,2025-05-29 06:45,2025-05-29 07:45,T3 Cross Down,24760.75,24725.6,20,-703.01,1484.59,-2187.6,-0.44,-332878.05,1667121.95
^NSEI,SHORT,2025-05-29 07:45,2025-05-29 08:45,T3 Cross Up,24725.6,24850.75,20,-2503.01,1487.29,-3990.3,-0.81,-336868.35,1663131.65
^NSEI,LONG,2025-05-29 08:45,2025-05-30 04:45,T3 Cross Down,24850.75,24753.95,20,-1936.02,1488.14,-3424.16,-0.69,-340292.50999999995,1659707.49
^NSEI,SHORT,2025-05-30 04:45,2025-06-02 07:45,T3 Cross Up,24753.95,24693.6,20,1206.99,1483.43,-276.43,-0.06,-340568.93999999994,1659431.06
^NSEI,LONG,2025-06-02 07:45,2025-06-03 03:45,T3 Cross Down,24693.6,24661.7,20,-638.01,1480.66,-2118.67,-0.43,-342687.6099999999,1657312.3900000001
^NSEI,SHORT,2025-06-03 03:45,2025-06-04 04:45,T3 Cross Up,24661.7,24581.55,20,1602.97,1477.3,125.67,0.03,-342561.93999999994,1657438.06
^NSEI,LONG,2025-06-04 04:45,2025-06-09 09:45,T3 Cross Down,24581.55,25102.15,20,10411.99,1490.51,8921.48,1.81,-333640.45999999996,1666359.54
^NSEI,SHORT,2025-06-09 09:45,2025-06-10 03:45,T3 Cross Up,25102.15,25156.9,19,-1040.25,1432.38,-2472.63,-0.52,-336113.08999999997,1663886.9100000001
^NSEI,LONG,2025-06-10 03:45,2025-06-10 04:45,T3 Cross Down,25156.9,25127.7,19,-554.82,1433.11,-1987.93,-0.42,-338101.01999999996,1661898.98
^NSEI,SHORT,2025-06-10 04:45,2025-06-11 04:45,T3 Cross Up,25127.7,25180.8,19,-1008.93,1433.79,-2442.72,-0.51,-340543.73999999993,1659456.26
^NSEI,LONG,2025-06-11 04:45,2025-06-11 07:45,T3 Cross Down,25180.8,25127.85,19,-1006.07,1433.8,-2439.87,-0.51,-342983.6099999999,1657016.3900000001
^NSEI,SHORT,2025-06-11 07:45,2025-06-13 09:45,T3 Cross Up,25127.85,24735.55,19,7453.68,1421.11,6032.57,1.26,-336951.0399999999,1663048.96
^NSEI,LONG,2025-06-13 09:45,2025-06-17 05:45,T3 Cross Down,24735.55,24855.7,20,2402.97,1487.74,915.23,0.19,-336035.80999999994,1663964.19
^NSEI,SHORT,2025-06-17 05:45,2025-06-18 03:45,T3 Cross Up,24855.7,24916.95,20,-1225.0,1493.18,-2718.18,-0.55,-338753.98999999993,1661246.01
^NSEI,LONG,2025-06-18 03:45,2025-06-18 04:45,T3 Cross Down,24916.95,24837.95,20,-1580.0,1492.65,-3072.65,-0.62,-341826.63999999996,1658173.36
^NSEI,SHORT,2025-06-18 04:45,2025-06-19 03:45,T3 Cross Up,24837.95,24833.2,20,95.0,1490.13,-1395.13,-0.28,-343221.76999999996,1656778.23
^NSEI,LONG,2025-06-19 03:45,2025-06-19 04:45,T3 Cross Down,24833.2,24814.55,20,-372.97,1489.43,-1862.4,-0.37,-345084.17,1654915.83
^NSEI,SHORT,2025-06-19 04:45,2025-06-19 07:45,T3 Cross Up,24814.55,24832.4,20,-356.99,1489.41,-1846.4,-0.37,-346930.57,1653069.43
^NSEI,LONG,2025-06-19 07:45,2025-06-19 08:45,T3 Cross Down,24832.4,24791.75,20,-813.01,1488.72,-2301.73,-0.46,-349232.3,1650767.7
^NSEI,SHORT,2025-06-19 08:45,2025-06-20 03:45,T3 Cross Up,24791.75,24919.05,20,-2546.02,1491.32,-4037.34,-0.81,-353269.64,1646730.3599999999
^NSEI,LONG,2025-06-20 03:45,2025-06-23 03:45,T3 Cross Down,24919.05,24862.45,20,-1132.03,1493.45,-2625.48,-0.53,-355895.12,1644104.88
^NSEI,SHORT,2025-06-23 03:45,2025-06-23 07:45,T3 Cross Up,24862.45,25014.3,20,-3037.03,1496.3,-4533.33,-0.91,-360428.45,1639571.55
^NSEI,LONG,2025-06-23 07:45,2025-06-23 08:45,T3 Cross Down,25014.3,24983.9,19,-577.61,1424.95,-2002.56,-0.42,-362431.01,1637568.99
^NSEI,SHORT,2025-06-23 08:45,2025-06-24 03:45,T3 Cross Up,24983.9,25232.6,20,-4973.98,1506.5,-6480.48,-1.3,-368911.49,1631088.51
^NSEI,LONG,2025-06-24 03:45,2025-06-24 07:45,T3 Cross Down,25232.6,25040.15,19,-3656.54,1432.77,-5089.31,-1.06,-374000.8,1625999.2
^NSEI,SHORT,2025-06-24 07:45,2025-06-25 03:45,T3 Cross Up,25040.15,25173.05,19,-2525.11,1431.08,-3956.18,-0.83,-377956.98,1622043.02
^NSEI,LONG,2025-06-25 03:45,2025-06-30 03:45,T3 Cross Down,25173.05,25586.4,19,7853.64,1446.64,6407.0,1.34,-371549.98,1628450.02
^NSEI,SHORT,2025-06-30 03:45,2025-07-01 07:45,T3 Cross Up,25586.4,25551.85,19,656.46,1457.44,-800.98,-0.16,-372350.95999999996,1627649.04
^NSEI,LONG,2025-07-01 07:45,2025-07-01 09:45,T3 Cross Down,25551.85,25533.0,19,-358.14,1455.92,-1814.06,-0.37,-374165.01999999996,1625834.98
^NSEI,SHORT,2025-07-01 09:45,2025-07-03 03:45,T3 Cross Up,25533.0,25543.05,19,-190.96,1455.67,-1646.63,-0.34,-375811.64999999997,1624188.35
^NSEI,LONG,2025-07-03 03:45,2025-07-03 08:45,T3 Cross Down,25543.05,25397.95,19,-2756.93,1451.82,-4208.75,-0.87,-380020.39999999997,1619979.6
^NSEI,SHORT,2025-07-03 08:45,2025-07-04 08:45,T3 Cross Up,25397.95,25462.8,19,-1232.18,1449.53,-2681.71,-0.56,-382702.11,1617297.8900000001
^NSEI,LONG,2025-07-04 08:45,2025-07-08 04:45,T3 Cross Down,25462.8,25436.55,19,-498.75,1450.63,-1949.38,-0.4,-384651.49,1615348.51
^NSEI,SHORT,2025-07-08 04:45,2025-07-08 05:45,T3 Cross Up,25436.55,25449.9,19,-253.64,1450.26,-1703.91,-0.35,-386355.39999999997,1613644.6
^NSEI,LONG,2025-07-08 05:45,2025-07-09 08:45,T3 Cross Down,25449.9,25478.45,19,542.43,1451.46,-909.03,-0.19,-387264.43,1612735.57
^NSEI,SHORT,2025-07-09 08:45,2025-07-14 08:45,T3 Cross Up,25478.45,25079.85,19,7573.39,1440.91,6132.48,1.27,-381131.95,1618868.05
^NSEI,LONG,2025-07-14 08:45,2025-07-16 03:45,T3 Cross Down,25079.85,25141.75,19,1176.11,1431.32,-255.21,-0.05,-381387.16000000003,1618612.8399999999
^NSEI,SHORT,2025-07-16 03:45,2025-07-16 05:45,T3 Cross Up,25141.75,25179.1,19,-709.64,1434.14,-2143.79,-0.45,-383530.95,1616469.05
^NSEI,LONG,2025-07-16 05:45,2025-07-17 03:45,T3 Cross Down,25179.1,25160.1,19,-361.0,1434.67,-1795.67,-0.38,-385326.62,1614673.38
^NSEI,SHORT,2025-07-17 03:45,2025-07-21 03:45,T3 Cross Up,25160.1,25052.55,19,2043.43,1431.06,612.37,0.13,-384714.25,1615285.75
^NSEI,LONG,2025-07-21 03:45,2025-07-22 08:45,T3 Cross Down,25052.55,25058.5,19,113.04,1428.16,-1315.13,-0.28,-386029.38,1613970.62
^NSEI,SHORT,2025-07-22 08:45,2025-07-23 03:45,T3 Cross Up,25058.5,25109.3,19,-965.21,1429.78,-2395.0,-0.5,-388424.38,1611575.62
^NSEI,LONG,2025-07-23 03:45,2025-07-24 03:45,T3 Cross Down,25109.3,25158.45,19,933.82,1432.63,-498.81,-0.1,-388923.19,1611076.81
^NSEI,SHORT,2025-07-24 03:45,2025-07-29 05:45,T3 Cross Up,25158.45,24695.05,19,8804.57,1420.82,7383.75,1.54,-381539.44,1618460.56
^NSEI,LONG,2025-07-29 05:45,2025-07-31 03:45,T3 Cross Down,24695.05,24673.6,20,-429.02,1481.06,-1910.08,-0.39,-383449.52,1616550.48
^NSEI,SHORT,2025-07-31 03:45,2025-07-31 06:45,T3 Cross Up,24673.6,24900.15,20,-4531.02,1487.21,-6018.23,-1.22,-389467.75,1610532.25
^NSEI,LONG,2025-07-31 06:45,2025-07-31 08:45,T3 Cross Down,24900.15,24762.45,20,-2754.02,1489.88,-4243.9,-0.85,-393711.65,1606288.35
^NSEI,SHORT,2025-07-31 08:45,2025-08-04 04:45,T3 Cross Up,24762.45,24664.35,20,1961.99,1482.8,479.19,0.1,-393232.46,1606767.54
^NSEI,LONG,2025-08-04 04:45,2025-08-05 03:45,T3 Cross Down,24664.35,24618.7,20,-913.01,1478.49,-2391.5,-0.48,-395623.96,1604376.04
^NSEI,SHORT,2025-08-05 03:45,2025-08-05 05:45,T3 Cross Up,24618.7,24658.7,20,-800.0,1478.32,-2278.32,-0.46,-397902.28,1602097.72
^NSEI,LONG,2025-08-05 05:45,2025-08-05 06:45,T3 Cross Down,24658.7,24626.6,20,-641.99,1478.56,-2120.55,-0.43,-400022.83,1599977.17
^NSEI,SHORT,2025-08-05 06:45,2025-08-05 08:45,T3 Cross Up,24626.6,24666.65,20,-801.02,1478.8,-2279.81,-0.46,-402302.64,1597697.3599999999
^NSEI,LONG,2025-08-05 08:45,2025-08-06 03:45,T3 Cross Down,24666.65,24605.4,20,-1225.0,1478.16,-2703.16,-0.55,-405005.8,1594994.2
^NSEI,SHORT,2025-08-06 03:45,2025-08-07 08:45,T3 Cross Up,24605.4,24592.0,20,268.01,1475.92,-1207.91,-0.25,-406213.70999999996,1593786.29
^NSEI,LONG,2025-08-07 08:45,2025-08-08 03:45,T3 Cross Down,24592.0,24449.6,20,-2848.01,1471.25,-4319.26,-0.88,-410532.97,1589467.03
^NSEI,SHORT,2025-08-08 03:45,2025-08-11 04:45,T3 Cross Up,24449.6,24442.35,20,145.0,1466.76,-1321.76,-0.27,-411854.73,1588145.27
^NSEI,LONG,2025-08-11 04:45,2025-08-12 07:45,T3 Cross Down,24442.35,24543.5,20,2023.01,1469.58,553.43,0.11,-411301.3,1588698.7
^NSEI,SHORT,2025-08-12 07:45,2025-08-13 03:45,T3 Cross Up,24543.5,24580.5,20,-740.0,1473.72,-2213.72,-0.45,-413515.01999999996,1586484.98
^NSEI,LONG,2025-08-13 03:45,2025-08-14 07:45,T3 Cross Down,24580.5,24637.7,20,1143.98,1476.55,-332.56,-0.07,-413847.57999999996,1586152.42
^NSEI,SHORT,2025-08-14 07:45,2025-08-18 03:45,T3 Cross Up,24637.7,24988.1,20,-7008.01,1488.77,-8496.78,-1.72,-422344.36,1577655.6400000001
^NSEI,LONG,2025-08-18 03:45,2025-08-19 07:45,T3 Cross Down,24988.1,24938.9,20,-983.98,1497.81,-2481.79,-0.5,-424826.14999999997,1575173.85
^NSEI,SHORT,2025-08-19 07:45,2025-08-19 08:45,T3 Cross Up,24938.9,24975.6,20,-733.98,1497.44,-2231.42,-0.45,-427057.56999999995,1572942.4300000002
^NSEI,LONG,2025-08-19 08:45,2025-08-20 09:45,T3 Cross Down,24975.6,25047.15,20,1431.02,1500.68,-69.67,-0.01,-427127.23999999993,1572872.76
^NSEI,SHORT,2025-08-20 09:45,2025-08-21 03:45,T3 Cross Up,25047.15,25115.15,19,-1292.0,1429.63,-2721.63,-0.57,-429848.86999999994,1570151.1300000001
^NSEI,LONG,2025-08-21 03:45,2025-08-21 08:45,T3 Cross Down,25115.15,25081.5,19,-639.36,1430.6,-2069.96,-0.43,-431918.82999999996,1568081.17
^NSEI,SHORT,2025-08-21 08:45,2025-08-25 04:45,T3 Cross Up,25081.5,24950.45,19,2489.96,1425.91,1064.05,0.22,-430854.77999999997,1569145.22
^NSEI,LONG,2025-08-25 04:45,2025-08-26 03:45,T3 Cross Down,24950.45,24797.45,20,-3060.0,1492.44,-4552.44,-0.91,-435407.22,1564592.78
^NSEI,SHORT,2025-08-26 03:45,2025-08-29 04:45,T3 Cross Up,24797.45,24556.45,20,4820.0,1480.62,3339.38,0.67,-432067.83999999997,1567932.1600000001
^NSEI,LONG,2025-08-29 04:45,2025-08-29 06:45,T3 Cross Down,24556.45,24496.6,20,-1196.99,1471.59,-2668.58,-0.54,-434736.42,1565263.58
^NSEI,SHORT,2025-08-29 06:45,2025-08-29 07:45,T3 Cross Up,24496.6,24513.6,20,-340.0,1470.31,-1810.31,-0.37,-436546.73,1563453.27
^NSEI,LONG,2025-08-29 07:45,2025-08-29 08:45,T3 Cross Down,24513.6,24406.75,20,-2136.99,1467.61,-3604.6,-0.74,-440151.32999999996,1559848.67
^NSEI,SHORT,2025-08-29 08:45,2025-09-01 03:45,T3 Cross Up,24406.75,24523.25,20,-2330.0,1467.9,-3797.9,-0.78,-443949.23,1556050.77
^NSEI,LONG,2025-09-01 03:45,2025-09-02 07:45,T3 Cross Down,24523.25,24561.3,20,761.02,1472.54,-711.52,-0.15,-444660.75,1555339.25
^NSEI,SHORT,2025-09-02 07:45,2025-09-03 07:45,T3 Cross Up,24561.3,24659.0,20,-1953.98,1476.61,-3430.59,-0.7,-448091.34,1551908.66
^NSEI,LONG,2025-09-03 07:45,2025-09-04 08:45,T3 Cross Down,24659.0,24718.5,20,1190.0,1481.32,-291.33,-0.06,-448382.67000000004,1551617.33
^NSEI,SHORT,2025-09-04 08:45,2025-09-05 07:45,T3 Cross Up,24718.5,24745.35,20,-536.99,1483.92,-2020.91,-0.41,-450403.58,1549596.42
^NSEI,LONG,2025-09-05 07:45,2025-09-08 08:45,T3 Cross Down,24745.35,24768.75,20,468.01,1485.42,-1017.42,-0.21,-451421.0,1548579.0
^NSEI,SHORT,2025-09-08 08:45,2025-09-09 03:45,T3 Cross Up,24768.75,24824.1,20,-1106.99,1487.79,-2594.78,-0.52,-454015.78,1545984.22
^NSEI,LONG,2025-09-09 03:45,2025-09-11 03:45,T3 Cross Down,24824.1,24964.5,20,2808.01,1493.66,1314.35,0.26,-452701.43000000005,1547298.5699999998
^NSEI,SHORT,2025-09-11 03:45,2025-09-11 06:45,T3 Cross Up,24964.5,25007.3,20,-856.02,1499.15,-2355.17,-0.47,-455056.60000000003,1544943.4
^NSEI,LONG,2025-09-11 06:45,2025-09-11 08:45,T3 Cross Down,25007.3,25000.7,19,-125.43,1425.23,-1550.66,-0.33,-456607.26,1543392.74
^NSEI,SHORT,2025-09-11 08:45,2025-09-11 09:45,T3 Cross Up,25000.7,25008.1,19,-140.61,1425.25,-1565.86,-0.33,-458173.12,1541826.88
^NSEI,LONG,2025-09-11 09:45,2025-09-15 03:45,T3 Cross Down,25008.1,25084.75,19,1456.36,1427.65,28.71,0.01,-458144.41,1541855.59
^NSEI,SHORT,2025-09-15 03:45,2025-09-16 03:45,T3 Cross Up,25084.75,25165.05,19,-1525.71,1432.12,-2957.83,-0.62,-461102.24,1538897.76
^NSEI,LONG,2025-09-16 03:45,2025-09-18 06:45,T3 Cross Down,25165.05,25361.95,19,3741.07,1440.02,2301.05,0.48,-458801.19,1541198.81
^NSEI,SHORT,2025-09-18 06:45,2025-09-18 08:45,T3 Cross Up,25361.95,25423.05,19,-1160.93,1447.37,-2608.3,-0.54,-461409.49,1538590.51
^NSEI,LONG,2025-09-18 08:45,2025-09-19 03:45,T3 Cross Down,25423.05,25324.45,19,-1873.43,1446.3,-3319.73,-0.69,-464729.22,1535270.78
^NSEI,SHORT,2025-09-19 03:45,2025-09-23 07:45,T3 Cross Up,25324.45,25206.2,19,2246.75,1440.12,806.63,0.17,-463922.58999999997,1536077.4100000001
^NSEI,LONG,2025-09-23 07:45,2025-09-23 08:45,T3 Cross Down,25206.2,25171.9,19,-651.68,1435.78,-2087.45,-0.44,-466010.04,1533989.96
^NSEI,SHORT,2025-09-23 08:45,2025-09-23 09:45,T3 Cross Up,25171.9,25184.9,19,-247.0,1435.17,-1682.17,-0.35,-467692.20999999996,1532307.79
^NSEI,LONG,2025-09-23 09:45,2025-09-24 03:45,T3 Cross Down,25184.9,25094.7,19,-1713.82,1432.97,-3146.79,-0.66,-470838.99999999994,1529161.0
^NSEI,SHORT,2025-09-24 03:45,2025-09-24 06:45,T3 Cross Up,25094.7,25131.65,19,-702.07,1431.45,-2133.52,-0.45,-472972.51999999996,1527027.48
^NSEI,LONG,2025-09-24 06:45,2025-09-24 07:45,T3 Cross Down,25131.65,25100.8,19,-586.14,1431.62,-2017.77,-0.42,-474990.29,1525009.71
^NSEI,SHORT,2025-09-24 07:45,2025-09-29 03:45,T3 Cross Up,25100.8,24758.4,19,6505.61,1420.99,5084.62,1.07,-469905.67,1530094.33
^NSEI,LONG,2025-09-29 03:45,2025-09-29 05:45,T3 Cross Down,24758.4,24641.7,20,-2334.02,1482.0,-3816.03,-0.77,-473721.7,1526278.3
^NSEI,SHORT,2025-09-29 05:45,2025-09-29 06:45,T3 Cross Up,24641.7,24687.05,20,-907.03,1479.86,-2386.89,-0.48,-476108.59,1523891.41
^NSEI,LONG,2025-09-29 06:45,2025-09-29 08:45,T3 Cross Down,24687.05,24639.65,20,-948.01,1479.8,-2427.81,-0.49,-478536.4,1521463.6
^NSEI,SHORT,2025-09-29 08:45,2025-09-29 09:45,T3 Cross Up,24639.65,24677.55,20,-758.01,1479.52,-2237.52,-0.45,-480773.92000000004,1519226.08
^NSEI,LONG,2025-09-29 09:45,2025-09-30 03:45,T3 Cross Down,24677.55,24636.7,20,-817.03,1479.43,-2296.46,-0.47,-483070.38000000006,1516929.6199999999
^NSEI,SHORT,2025-09-30 03:45,2025-09-30 04:45,T3 Cross Up,24636.7,24666.9,20,-604.02,1479.11,-2083.13,-0.42,-485153.51000000007,1514846.49
^NSEI,LONG,2025-09-30 04:45,2025-09-30 07:45,T3 Cross Down,24666.9,24623.9,20,-860.0,1478.72,-2338.72,-0.47,-487492.23000000004,1512507.77
^NSEI,SHORT,2025-09-30 07:45,2025-09-30 09:45,T3 Cross Up,24623.9,24633.6,20,-193.98,1477.72,-1671.71,-0.34,-489163.94000000006,1510836.06
^NSEI,LONG,2025-09-30 09:45,2025-10-03 07:45,T3 Cross Down,24633.6,24809.05,20,3509.02,1483.28,2025.74,0.41,-487138.20000000007,1512861.7999999998
^NSEI,SHORT,2025-10-03 07:45,2025-10-03 08:45,T3 Cross Up,24809.05,24888.5,20,-1588.98,1490.93,-3079.91,-0.62,-490218.11000000004,1509781.89
^NSEI,LONG,2025-10-03 08:45,2025-10-07 08:45,T3 Cross Down,24888.5,25091.0,20,4050.0,1499.38,2550.61,0.51,-487667.50000000006,1512332.5
^NSEI,SHORT,2025-10-07 08:45,2025-10-09 04:45,T3 Cross Up,25091.0,25152.55,19,-1169.46,1431.94,-2601.41,-0.55,-490268.91000000003,1509731.0899999999
^NSEI,LONG,2025-10-09 04:45,2025-10-13 03:45,T3 Cross Down,25152.55,25199.25,19,887.29,1435.03,-547.74,-0.11,-490816.65,1509183.35
^NSEI,SHORT,2025-10-13 03:45,2025-10-15 03:45,T3 Cross Up,25199.25,25251.25,19,-988.0,1437.84,-2425.84,-0.51,-493242.49000000005,1506757.51
^NSEI,LONG,2025-10-15 03:45,2025-10-17 09:45,T3 Cross Down,25251.25,25704.7,19,8615.54,1452.24,7163.29,1.49,-486079.20000000007,1513920.7999999998
^NSEI,SHORT,2025-10-17 09:45,2025-10-20 03:45,T3 Cross Up,25704.7,25856.55,19,-2885.18,1469.5,-4354.68,-0.89,-490433.88000000006,1509566.1199999999
^NSEI,LONG,2025-10-20 03:45,2025-10-20 08:45,T3 Cross Down,25856.55,25846.3,19,-194.75,1473.53,-1668.28,-0.34,-492102.1600000001,1507897.8399999999
^NSEI,SHORT,2025-10-20 08:45,2025-10-21 07:45,T3 Cross Up,25846.3,25896.9,19,-961.39,1474.68,-2436.07,-0.5,-494538.2300000001,1505461.77
^NSEI,LONG,2025-10-21 07:45,2025-10-21 08:45,T3 Cross Down,25896.9,25868.6,19,-537.71,1475.32,-2013.03,-0.41,-496551.2600000001,1503448.7399999998
^NSEI,SHORT,2025-10-21 08:45,2025-10-23 03:45,T3 Cross Up,25868.6,26095.9,19,-4318.71,1480.99,-5799.7,-1.18,-502350.96000000014,1497649.0399999998
^NSEI,LONG,2025-10-23 03:45,2025-10-23 07:45,T3 Cross Down,26095.9,25958.55,19,-2609.64,1483.55,-4093.19,-0.83,-506444.15000000014,1493555.8499999999
^NSEI,SHORT,2025-10-23 07:45,2025-10-27 03:45,T3 Cross Up,25958.55,25961.85,19,-62.68,1479.73,-1542.41,-0.31,-507986.5600000001,1492013.44
^NSEI,LONG,2025-10-27 03:45,2025-10-28 03:45,T3 Cross Down,25961.85,25905.25,19,-1075.39,1478.21,-2553.6,-0.52,-510540.1600000001,1489459.8399999999
^NSEI,SHORT,2025-10-28 03:45,2025-10-28 08:45,T3 Cross Up,25905.25,25943.0,19,-717.25,1477.68,-2194.93,-0.45,-512735.0900000001,1487264.91
^NSEI,LONG,2025-10-28 08:45,2025-10-30 03:45,T3 Cross Down,25943.0,25959.45,19,312.54,1479.22,-1166.68,-0.24,-513901.7700000001,1486098.23
^NSEI,SHORT,2025-10-30 03:45,2025-11-03 06:45,T3 Cross Up,25959.45,25752.1,19,3939.64,1473.78,2465.86,0.5,-511435.9100000001,1488564.0899999999
^NSEI,LONG,2025-11-03 06:45,2025-11-04 03:45,T3 Cross Down,25752.1,25698.2,19,-1024.11,1466.33,-2490.44,-0.51,-513926.3500000001,1486073.65
^NSEI,SHORT,2025-11-04 03:45,2025-11-07 06:45,T3 Cross Up,25698.2,25486.3,19,4026.07,1458.76,2567.31,0.53,-511359.0400000001,1488640.96
^NSEI,LONG,2025-11-07 06:45,2025-11-11 03:45,T3 Cross Down,25486.3,25501.95,19,297.32,1453.17,-1155.84,-0.24,-512514.8800000001,1487485.1199999999
^NSEI,SHORT,2025-11-11 03:45,2025-11-11 06:45,T3 Cross Up,25501.95,25588.35,19,-1641.61,1456.07,-3097.68,-0.64,-515612.5600000001,1484387.44
^NSEI,LONG,2025-11-11 06:45,2025-11-13 07:45,T3 Cross Down,25588.35,25894.45,19,5815.89,1467.26,4348.63,0.89,-511263.9300000001,1488736.0699999998
^NSEI,SHORT,2025-11-13 07:45,2025-11-14 08:45,T3 Cross Up,25894.45,25930.2,19,-679.25,1477.0,-2156.25,-0.44,-513420.1800000001,1486579.8199999998
^NSEI,LONG,2025-11-14 08:45,2025-11-18 03:45,T3 Cross Down,25930.2,25895.85,19,-652.64,1477.04,-2129.68,-0.43,-515549.8600000001,1484450.14
^NSEI,SHORT,2025-11-18 03:45,2025-11-18 07:45,T3 Cross Up,25895.85,25988.7,19,-1764.14,1478.71,-3242.85,-0.66,-518792.7100000001,1481207.29
^NSEI,LONG,2025-11-18 07:45,2025-11-18 08:45,T3 Cross Down,25988.7,25897.75,19,-1728.04,1478.76,-3206.8,-0.65,-521999.51000000007,1478000.49
^NSEI,SHORT,2025-11-18 08:45,2025-11-19 05:45,T3 Cross Up,25897.75,25993.3,19,-1815.46,1478.89,-3294.36,-0.67,-525293.8700000001,1474706.13
^NSEI,LONG,2025-11-19 05:45,2025-11-21 03:45,T3 Cross Down,25993.3,26087.4,19,1787.89,1484.3,303.59,0.06,-524990.2800000001,1475009.7199999997
^NSEI,SHORT,2025-11-21 03:45,2025-11-25 07:45,T3 Cross Up,26087.4,26020.25,19,1275.86,1485.07,-209.21,-0.04,-525199.4900000001,1474800.5099999998
^NSEI,LONG,2025-11-25 07:45,2025-11-25 08:45,T3 Cross Down,26020.25,25886.0,19,-2550.75,1479.33,-4030.08,-0.82,-529229.5700000001,1470770.43
^NSEI,SHORT,2025-11-25 08:45,2025-11-26 03:45,T3 Cross Up,25886.0,26084.5,19,-3771.5,1481.16,-5252.66,-1.07,-534482.2300000001,1465517.77
^NSEI,LONG,2025-11-26 03:45,2025-11-27 06:45,T3 Cross Down,26084.5,26178.3,19,1782.21,1489.49,292.73,0.06,-534189.5000000001,1465810.5
^NSEI,SHORT,2025-11-27 06:45,2025-11-28 04:45,T3 Cross Up,26178.3,26266.5,19,-1675.79,1494.68,-3170.46,-0.64,-537359.9600000001,1462640.04
^NSEI,LONG,2025-11-28 04:45,2025-11-28 05:45,T3 Cross Down,26266.5,26240.75,19,-489.25,1496.46,-1985.71,-0.4,-539345.67,1460654.33
^NSEI,SHORT,2025-11-28 05:45,2025-12-01 03:45,T3 Cross Up,26240.75,26284.95,19,-839.79,1496.98,-2336.77,-0.47,-541682.4400000001,1458317.56
^NSEI,LONG,2025-12-01 03:45,2025-12-01 05:45,T3 Cross Down,26284.95,26175.65,19,-2076.68,1495.13,-3571.8,-0.72,-545254.2400000001,1454745.7599999998
^NSEI,SHORT,2025-12-01 05:45,2025-12-03 08:45,T3 Cross Up,26175.65,25992.75,19,3475.11,1486.8,1988.31,0.4,-543265.93,1456734.0699999998
^NSEI,LONG,2025-12-03 08:45,2025-12-08 03:45,T3 Cross Down,25992.75,26096.5,19,1971.25,1484.54,486.71,0.1,-542779.2200000001,1457220.7799999998
^NSEI,SHORT,2025-12-08 03:45,2025-12-10 03:45,T3 Cross Up,26096.5,25919.85,19,3356.36,1482.47,1873.89,0.38,-540905.3300000001,1459094.67
^NSEI,LONG,2025-12-10 03:45,2025-12-10 05:45,T3 Cross Down,25919.85,25830.65,19,-1694.79,1474.89,-3169.67,-0.64,-544075.0000000001,1455925.0
^NSEI,SHORT,2025-12-10 05:45,2025-12-11 03:45,T3 Cross Up,25830.65,25807.55,19,438.89,1471.69,-1032.8,-0.21,-545107.8000000002,1454892.1999999997
^NSEI,LONG,2025-12-11 03:45,2025-12-15 03:45,T3 Cross Down,25807.55,25961.35,19,2922.18,1475.41,1446.76,0.3,-543661.0400000002,1456338.96
^NSEI,SHORT,2025-12-15 03:45,2025-12-15 06:45,T3 Cross Up,25961.35,26042.1,19,-1534.25,1482.1,-3016.35,-0.61,-546677.3900000001,1453322.6099999999
^NSEI,LONG,2025-12-15 06:45,2025-12-15 07:45,T3 Cross Down,26042.1,26009.85,19,-612.75,1483.48,-2096.23,-0.42,-548773.6200000001,1451226.38
^NSEI,SHORT,2025-12-15 07:45,2025-12-17 09:45,T3 Cross Up,26009.85,25822.65,19,3556.79,1477.23,2079.56,0.42,-546694.06,1453305.94
^NSEI,LONG,2025-12-17 09:45,2025-12-18 03:45,T3 Cross Down,25822.65,25791.15,19,-598.5,1470.99,-2069.49,-0.42,-548763.55,1451236.45
^NSEI,SHORT,2025-12-18 03:45,2025-12-18 04:45,T3 Cross Up,25791.15,25831.7,19,-770.43,1471.25,-2241.68,-0.46,-551005.2300000001,1448994.77
^NSEI,LONG,2025-12-18 04:45,2025-12-18 07:45,T3 Cross Down,25831.7,25805.25,19,-502.54,1471.65,-1974.19,-0.4,-552979.42,1447020.58
^NSEI,SHORT,2025-12-18 07:45,2025-12-18 08:45,T3 Cross Up,25805.25,25820.4,19,-287.86,1471.33,-1759.19,-0.36,-554738.61,1445261.3900000001
^NSEI,LONG,2025-12-18 08:45,2025-12-23 06:45,T3 Cross Down,25820.4,26186.65,19,6958.75,1482.2,5476.55,1.12,-549262.0599999999,1450737.94
^NSEI,SHORT,2025-12-23 06:45,2025-12-23 07:45,T3 Cross Up,26186.65,26203.35,19,-317.29,1493.12,-1810.4,-0.36,-551072.46,1448927.54
^NSEI,LONG,2025-12-23 07:45,2025-12-23 08:45,T3 Cross Down,26203.35,26183.5,19,-377.14,1493.03,-1870.17,-0.38,-552942.63,1447057.37
^NSEI,SHORT,2025-12-23 08:45,2025-12-24 03:45,T3 Cross Up,26183.5,26227.2,19,-830.29,1493.7,-2323.99,-0.47,-555266.62,1444733.38
^NSEI,LONG,2025-12-24 03:45,2025-12-24 04:45,T3 Cross Down,26227.2,26210.15,19,-323.93,1494.46,-1818.39,-0.36,-557085.01,1442914.99
^NSEI,SHORT,2025-12-24 04:45,2025-12-30 07:45,T3 Cross Up,26210.15,25943.6,19,5064.46,1486.38,3578.08,0.72,-553506.93,1446493.0699999998
^NSEI,LONG,2025-12-30 07:45,2026-01-01 08:45,T3 Cross Down,25943.6,26142.85,19,3785.75,1484.46,2301.29,0.47,-551205.64,1448794.3599999999
^NSEI,SHORT,2026-01-01 08:45,2026-01-02 03:45,T3 Cross Up,26142.85,26254.65,19,-2124.21,1493.33,-3617.54,-0.73,-554823.18,1445176.8199999998
^NSEI,LONG,2026-01-02 03:45,2026-01-05 06:45,T3 Cross Down,26254.65,26308.75,19,1027.89,1498.06,-470.16,-0.09,-555293.3400000001,1444706.66
^NSEI,SHORT,2026-01-05 06:45,2026-01-07 08:45,T3 Cross Up,26308.75,26151.8,19,2982.04,1495.13,1486.91,0.3,-553806.43,1446193.5699999998
^NSEI,LONG,2026-01-07 08:45,2026-01-08 03:45,T3 Cross Down,26151.8,26061.15,19,-1722.36,1488.07,-3210.43,-0.65,-557016.8600000001,1442983.14
^NSEI,SHORT,2026-01-08 03:45,2026-01-12 06:45,T3 Cross Up,26061.15,25722.3,19,6438.14,1475.83,4962.31,1.0,-552054.55,1447945.45
^NSEI,LONG,2026-01-12 06:45,2026-01-13 07:45,T3 Cross Down,25722.3,25636.55,19,-1629.25,1463.73,-3092.98,-0.63,-555147.53,1444852.47
^NSEI,SHORT,2026-01-13 07:45,2026-01-13 08:45,T3 Cross Up,25636.55,25737.4,19,-1916.14,1464.16,-3380.3,-0.69,-558527.8300000001,1441472.17
^NSEI,LONG,2026-01-13 08:45,2026-01-14 03:45,T3 Cross Down,25737.4,25696.8,19,-771.39,1465.87,-2237.27,-0.46,-560765.1000000001,1439234.9
^NSEI,SHORT,2026-01-14 03:45,2026-01-14 04:45,T3 Cross Up,25696.8,25726.25,19,-559.54,1465.56,-2025.09,-0.41,-562790.1900000001,1437209.81
^NSEI,LONG,2026-01-14 04:45,2026-01-14 07:45,T3 Cross Down,25726.25,25663.2,19,-1197.96,1464.6,-2662.56,-0.54,-565452.7500000001,1434547.25
^NSEI,SHORT,2026-01-14 07:45,2026-01-16 03:45,T3 Cross Up,25663.2,25783.65,19,-2288.57,1466.24,-3754.81,-0.77,-569207.5600000002,1430792.44
^NSEI,LONG,2026-01-16 03:45,2026-01-16 06:45,T3 Cross Down,25783.65,25716.55,19,-1274.89,1467.76,-2742.65,-0.56,-571950.2100000002,1428049.7899999998
^NSEI,SHORT,2026-01-16 06:45,2026-01-21 06:45,T3 Cross Up,25716.55,25237.45,19,9102.93,1452.19,7650.74,1.57,-564299.4700000002,1435700.5299999998
^NSEI,LONG,2026-01-21 06:45,2026-01-21 07:45,T3 Cross Down,25237.45,25136.7,19,-1914.25,1435.66,-3349.91,-0.7,-567649.3800000002,1432350.6199999996
^NSEI,SHORT,2026-01-21 07:45,2026-01-21 09:45,T3 Cross Up,25136.7,25168.1,19,-596.61,1433.69,-2030.29,-0.43,-569679.6700000003,1430320.3299999996
^NSEI,LONG,2026-01-21 09:45,2026-01-23 05:45,T3 Cross Down,25168.1,25185.2,19,324.89,1435.07,-1110.18,-0.23,-570789.8500000003,1429210.1499999997
^NSEI,SHORT,2026-01-23 05:45,2026-01-27 08:45,T3 Cross Up,25185.2,25170.4,19,281.18,1435.13,-1153.96,-0.24,-571943.8100000003,1428056.1899999997
^NSEI,LONG,2026-01-27 08:45,2026-01-29 03:45,T3 Cross Down,25170.4,25211.65,19,783.75,1435.89,-652.14,-0.14,-572595.9500000003,1427404.0499999998
^NSEI,SHORT,2026-01-29 03:45,2026-01-29 06:45,T3 Cross Up,25211.65,25353.65,19,-2698.0,1441.11,-4139.11,-0.86,-576735.0600000003,1423264.9399999997
^NSEI,LONG,2026-01-29 06:45,2026-01-30 03:45,T3 Cross Down,25353.65,25314.3,19,-747.64,1444.04,-2191.68,-0.45,-578926.7400000003,1421073.2599999998
^NSEI,SHORT,2026-01-30 03:45,2026-01-30 07:45,T3 Cross Up,25314.3,25352.45,19,-724.82,1444.0,-2168.82,-0.45,-581095.5600000003,1418904.4399999997
^NSEI,LONG,2026-01-30 07:45,2026-01-30 08:45,T3 Cross Down,25352.45,25319.7,19,-622.25,1444.16,-2066.41,-0.43,-583161.9700000003,1416838.0299999998
^NSEI,SHORT,2026-01-30 08:45,2026-02-03 03:45,2% SL Hit,25319.7,25826.09,19,-9621.49,1457.66,-11079.14,-2.3,-594241.1100000003,1405758.8899999997
^NSEI,LONG,2026-02-03 04:45,2026-02-04 04:45,T3 Cross Down,25784.2,25723.95,19,-1144.75,1467.98,-2612.73,-0.53,-596853.8400000003,1403146.1599999997
^NSEI,SHORT,2026-02-04 04:45,2026-02-04 07:45,T3 Cross Up,25723.95,25790.9,19,-1272.07,1468.17,-2740.25,-0.56,-599594.0900000003,1400405.9099999997
^NSEI,LONG,2026-02-04 07:45,2026-02-04 08:45,T3 Cross Down,25790.9,25783.1,19,-148.21,1469.86,-1618.07,-0.33,-601212.1600000003,1398787.8399999999
^NSEI,SHORT,2026-02-04 08:45,2026-02-06 07:45,T3 Cross Up,25783.1,25612.3,19,3245.18,1464.77,1780.41,0.36,-599431.7500000002,1400568.2499999998
^NSEI,LONG,2026-02-06 07:45,2026-02-10 07:45,T3 Cross Down,25612.3,25918.7,19,5821.57,1468.63,4352.94,0.89,-595078.8100000003,1404921.1899999997
^NSEI,SHORT,2026-02-10 07:45,2026-02-16 04:45,T3 Cross Up,25918.7,25534.55,19,7298.82,1466.42,5832.4,1.18,-589246.4100000003,1410753.5899999999
^NSEI,LONG,2026-02-16 04:45,2026-02-18 03:45,T3 Cross Down,25534.55,25661.95,19,2420.57,1459.1,961.47,0.2,-588284.9400000003,1411715.0599999996
^NSEI,SHORT,2026-02-18 03:45,2026-02-18 04:45,T3 Cross Up,25661.95,25700.05,19,-723.93,1463.82,-2187.75,-0.45,-590472.6900000003,1409527.3099999996
^NSEI,LONG,2026-02-18 04:45,2026-02-19 04:45,T3 Cross Down,25700.05,25715.8,19,299.25,1465.35,-1166.1,-0.24,-591638.7900000003,1408361.2099999997
^NSEI,SHORT,2026-02-19 04:45,2026-02-20 05:45,T3 Cross Up,25715.8,25603.1,19,2141.32,1462.59,678.73,0.14,-590960.0600000003,1409039.9399999997
